TABLE_NAME,COLUMN_NAME,SOURCETABLENAME,SOURCECOLUMNNAME
R_PPDM_ROW_QUALITY,ROW_QUALITY_ID,R_ACCOUNT_PROC_TYPE,ROW_QUALITY
R_PPDM_ROW_QUALITY,ROW_QUALITY_ID,R_ACCOUNT_PROC_TYPE,ROW_QUALITY
R_PPDM_ROW_QUALITY,ROW_QUALITY_ID,R_ACTIVITY_SET_TYPE,ROW_QUALITY
R_PPDM_ROW_QUALITY,ROW_QUALITY_ID,R_ACTIVITY_TYPE,ROW_QUALITY
R_PPDM_ROW_QUALITY,ROW_QUALITY_ID,R_ALIAS_TYPE,ROW_QUALITY
R_SOURCE,SOURCE,R_ALLOWABLE_EXPENSE,SOURCE
R_PPDM_ROW_QUALITY,ROW_QUALITY_ID,R_ANALYSIS_REPORT,ROW_QUALITY
R_SOURCE,SOURCE,R_ANALYSIS_REPORT,SOURCE
R_PPDM_ROW_QUALITY,ROW_QUALITY_ID,R_ANAL_PROPERTY_CODE,ROW_QUALITY
R_SOURCE,SOURCE,R_APPLICATION_COMP_TYPE,SOURCE
R_SOURCE,SOURCE,R_APPLIC_ATTACHMENT,SOURCE
R_PPDM_ROW_QUALITY,ROW_QUALITY_ID,R_APPLIC_BA_ROLE,ROW_QUALITY
R_PPDM_ROW_QUALITY,ROW_QUALITY_ID,R_APPLIC_REMARK_TYPE,ROW_QUALITY
R_PPDM_ROW_QUALITY,ROW_QUALITY_ID,R_AREA_DESC_CODE,ROW_QUALITY
PPDM_PROPERTY_SET,PROPERTY_SET_ID,R_AREA_DESC_TYPE,PROPERTY_SET_ID
R_SOURCE,SOURCE,R_BA_DESC_TYPE,SOURCE
R_SOURCE,SOURCE,R_BH_PRESS_TEST_TYPE,SOURCE
R_SOURCE,SOURCE,R_BIT_CUT_STRUCT_OUTER,SOURCE
R_SOURCE,SOURCE,R_CAT_ADDITIVE_GROUP,SOURCE
R_PPDM_ROW_QUALITY,ROW_QUALITY_ID,R_CAT_ADDITIVE_QUANTITY,ROW_QUALITY
R_SOURCE,SOURCE,R_CAT_ADDITIVE_QUANTITY,SOURCE
R_PPDM_ROW_QUALITY,ROW_QUALITY_ID,R_CAT_EQUIP_GROUP,ROW_QUALITY
R_PPDM_ROW_QUALITY,ROW_QUALITY_ID,R_CLASS_LEV_COMP_TYPE,ROW_QUALITY
R_SOURCE,SOURCE,R_CLASS_LEV_COMP_TYPE,SOURCE
R_SOURCE,SOURCE,R_CLASS_SYSTEM_DIMENSION,SOURCE
R_PPDM_ROW_QUALITY,ROW_QUALITY_ID,R_COMPLETION_STATUS,ROW_QUALITY
R_PPDM_ROW_QUALITY,ROW_QUALITY_ID,R_CONFIDENCE_TYPE,ROW_QUALITY
R_PPDM_ROW_QUALITY,ROW_QUALITY_ID,R_CONSULT_ATTEND_TYPE,ROW_QUALITY
R_SOURCE,SOURCE,R_CONSULT_ATTEND_TYPE,SOURCE
R_PPDM_ROW_QUALITY,ROW_QUALITY_ID,R_CONTEST_COMP_TYPE,ROW_QUALITY
R_PPDM_ROW_QUALITY,ROW_QUALITY_ID,R_CONT_BA_ROLE,ROW_QUALITY
R_SOURCE,SOURCE,R_CONT_STATUS,SOURCE
R_PPDM_ROW_QUALITY,ROW_QUALITY_ID,R_CONT_VOTE_TYPE,ROW_QUALITY
R_PPDM_ROW_QUALITY,ROW_QUALITY_ID,R_COORD_CAPTURE,ROW_QUALITY
R_PPDM_ROW_QUALITY,ROW_QUALITY_ID,R_COORD_QUALITY,ROW_QUALITY
R_PPDM_ROW_QUALITY,ROW_QUALITY_ID,R_CORE_SHIFT_METHOD,ROW_QUALITY
R_PPDM_ROW_QUALITY,ROW_QUALITY_ID,R_CORE_SOLVENT,ROW_QUALITY
R_PPDM_ROW_QUALITY,ROW_QUALITY_ID,R_CS_TRANSFORM_PARM,ROW_QUALITY
SOURCE_DOCUMENT,SOURCE_DOCUMENT,R_CS_TRANSFORM_PARM,SOURCE_DOCUMENT
R_SOURCE,SOURCE,R_DATA_CIRC_PROCESS,SOURCE
R_SOURCE,SOURCE,R_DECLINE_COND_TYPE,SOURCE
R_SOURCE,SOURCE,R_DIGITAL_FORMAT,SOURCE
R_SOURCE,SOURCE,R_DIRECTION,SOURCE
R_PPDM_ROW_QUALITY,ROW_QUALITY_ID,R_DOC_STATUS,ROW_QUALITY
R_SOURCE,SOURCE,R_DRILL_BIT_DETAIL_TYPE,SOURCE
R_SOURCE,SOURCE,R_DRILL_BIT_TYPE,SOURCE
R_PPDM_ROW_QUALITY,ROW_QUALITY_ID,R_DRILL_HOLE_POSITION,ROW_QUALITY
R_PPDM_ROW_QUALITY,ROW_QUALITY_ID,R_DRILL_REPORT_TIME,ROW_QUALITY
R_SOURCE,SOURCE,R_DRILL_REPORT_TIME,SOURCE
R_SOURCE,SOURCE,R_DRILL_STAT_CODE,SOURCE
R_PPDM_ROW_QUALITY,ROW_QUALITY_ID,R_DRILL_TOOL_TYPE,ROW_QUALITY
R_PPDM_ROW_QUALITY,ROW_QUALITY_ID,R_ECONOMIC_SCHEDULE,ROW_QUALITY
R_PPDM_ROW_QUALITY,ROW_QUALITY_ID,R_EMPLOYEE_STATUS,ROW_QUALITY
R_PPDM_ROW_QUALITY,ROW_QUALITY_ID,R_ENT_SEC_GROUP_TYPE,ROW_QUALITY
R_SOURCE,SOURCE,R_EQUIP_COMPONENT_TYPE,SOURCE
R_PPDM_ROW_QUALITY,ROW_QUALITY_ID,R_EQUIP_SPEC_REF_TYPE,ROW_QUALITY
R_SOURCE,SOURCE,R_EW_START_LINE,SOURCE
R_FAC_STATUS_TYPE,STATUS_TYPE,R_FACILITY_STATUS,STATUS_TYPE
R_SOURCE,SOURCE,R_FAC_FUNCTION,SOURCE
R_SOURCE,SOURCE,R_FAC_LIC_DUE_CONDITION,SOURCE
R_PPDM_ROW_QUALITY,ROW_QUALITY_ID,R_FAC_MAINT_STATUS,ROW_QUALITY
R_PPDM_ROW_QUALITY,ROW_QUALITY_ID,R_FAC_MAINT_STATUS_TYPE,ROW_QUALITY
R_SOURCE,SOURCE,R_FAC_PIPE_MATERIAL,SOURCE
R_PPDM_ROW_QUALITY,ROW_QUALITY_ID,R_FAC_PIPE_TYPE,ROW_QUALITY
R_SOURCE,SOURCE,R_FAULT_TYPE,SOURCE
R_SOURCE,SOURCE,R_FOS_COLOR,SOURCE
R_PPDM_ROW_QUALITY,ROW_QUALITY_ID,R_FOS_NAME_SET_TYPE,ROW_QUALITY
R_PPDM_ROW_QUALITY,ROW_QUALITY_ID,R_FOS_OBS_TYPE,ROW_QUALITY
R_PPDM_ROW_QUALITY,ROW_QUALITY_ID,R_FOS_TAXON_LEVEL,ROW_QUALITY
R_PPDM_ROW_QUALITY,ROW_QUALITY_ID,R_HSE_COMP_ROLE,ROW_QUALITY
R_SOURCE,SOURCE,R_HSE_COMP_ROLE,SOURCE
R_PPDM_ROW_QUALITY,ROW_QUALITY_ID,R_HSE_INCIDENT_DETAIL,ROW_QUALITY
R_PPDM_ROW_QUALITY,ROW_QUALITY_ID,R_INCIDENT_BA_ROLE,ROW_QUALITY
R_SOURCE,SOURCE,R_INFORMATION_PROCESS,SOURCE
R_INST_DETAIL_TYPE,INSTRUMENT_DETAIL_TYPE,R_INST_DETAIL_CODE,INSTRUMENT_DETAIL_TYPE
R_SOURCE,SOURCE,R_INT_SET_STATUS_TYPE,SOURCE
R_PPDM_ROW_QUALITY,ROW_QUALITY_ID,R_INV_MATERIAL_TYPE,ROW_QUALITY
R_RETENTION_PERIOD,RETENTION_PERIOD,R_ITEM_CATEGORY,RETENTION_PERIOD
R_ITEM_CATEGORY,ITEM_CATEGORY,R_ITEM_SUB_CATEGORY,ITEM_CATEGORY
R_PPDM_ROW_QUALITY,ROW_QUALITY_ID,R_LAND_BID_STATUS,ROW_QUALITY
R_PPDM_ROW_QUALITY,ROW_QUALITY_ID,R_LAND_CASH_BID_TYPE,ROW_QUALITY
R_SOURCE,SOURCE,R_LAND_CASH_BID_TYPE,SOURCE
R_SOURCE,SOURCE,R_LAND_PROPERTY_TYPE,SOURCE
R_SOURCE,SOURCE,R_LAND_RENTAL_TYPE,SOURCE
R_PPDM_ROW_QUALITY,ROW_QUALITY_ID,R_LITH_COLOR,ROW_QUALITY
R_SOURCE,SOURCE,R_LITH_COMPONENT,SOURCE
R_SOURCE,SOURCE,R_LITH_CONTAMINANT,SOURCE
R_PPDM_ROW_QUALITY,ROW_QUALITY_ID,R_LITH_CONTAMINANT,ROW_QUALITY
R_SOURCE,SOURCE,R_LITH_DISTRIBUTION,SOURCE
R_PPDM_ROW_QUALITY,ROW_QUALITY_ID,R_LITH_ROCK_TYPE,ROW_QUALITY
R_PPDM_ROW_QUALITY,ROW_QUALITY_ID,R_LITH_SORTING,ROW_QUALITY
R_SOURCE,SOURCE,R_LOCATION_QUALIFIER,SOURCE
R_SOURCE,SOURCE,R_LOCATION_QUALITY,SOURCE
R_SOURCE,SOURCE,R_LOG_ARRAY_DIMENSION,SOURCE
R_PPDM_ROW_QUALITY,ROW_QUALITY_ID,R_LOG_GOOD_VALUE_TYPE,ROW_QUALITY
R_PPDM_ROW_QUALITY,ROW_QUALITY_ID,R_LOG_POSITION_TYPE,ROW_QUALITY
R_PPDM_ROW_QUALITY,ROW_QUALITY_ID,R_LOST_MATERIAL_TYPE,ROW_QUALITY
R_PPDM_ROW_QUALITY,ROW_QUALITY_ID,R_LR_TERMIN_REQMT,ROW_QUALITY
R_PPDM_ROW_QUALITY,ROW_QUALITY_ID,R_LR_XREF_TYPE,ROW_QUALITY
R_PPDM_ROW_QUALITY,ROW_QUALITY_ID,R_MBAL_COMPRESS_TYPE,ROW_QUALITY
R_SOURCE,SOURCE,R_MBAL_CURVE_TYPE,SOURCE
R_PPDM_ROW_QUALITY,ROW_QUALITY_ID,R_MUD_LOG_COLOR,ROW_QUALITY
R_PPDM_ROW_QUALITY,ROW_QUALITY_ID,R_NODE_POSITION,ROW_QUALITY
R_SOURCE,SOURCE,R_NOTIFICATION_COMP_TYPE,SOURCE
R_PPDM_ROW_QUALITY,ROW_QUALITY_ID,R_NOTIFICATION_TYPE,ROW_QUALITY
R_SOURCE,SOURCE,R_NS_START_LINE,SOURCE
R_SOURCE,SOURCE,R_OBLIG_CALC_METHOD,SOURCE
R_SOURCE,SOURCE,R_OBLIG_CALC_POINT,SOURCE
R_SOURCE,SOURCE,R_OBLIG_COMPONENT_TYPE,SOURCE
R_PPDM_ROW_QUALITY,ROW_QUALITY_ID,R_OBLIG_TRIGGER,ROW_QUALITY
R_SOURCE,SOURCE,R_OIL_TYPE,SOURCE
R_PPDM_ROW_QUALITY,ROW_QUALITY_ID,R_PALEO_INTERP_TYPE,ROW_QUALITY
R_PPDM_ROW_QUALITY,ROW_QUALITY_ID,R_PAYMENT_TYPE,ROW_QUALITY
R_SOURCE,SOURCE,R_PAY_DETAIL_TYPE,SOURCE
R_PPDM_ROW_QUALITY,ROW_QUALITY_ID,R_PDEN_COMPONENT_TYPE,ROW_QUALITY
R_SOURCE,SOURCE,R_PDEN_STATUS,SOURCE
R_SOURCE,SOURCE,R_PDEN_XREF_TYPE,SOURCE
R_PPDM_ROW_QUALITY,ROW_QUALITY_ID,R_PHYSICAL_ITEM_STATUS,ROW_QUALITY
R_SOURCE,SOURCE,R_PHYSICAL_ITEM_STATUS,SOURCE
R_PPDM_ROW_QUALITY,ROW_QUALITY_ID,R_PICK_LOCATION,ROW_QUALITY
R_SOURCE,SOURCE,R_PPDM_AUDIT_TYPE,SOURCE
R_SOURCE,SOURCE,R_PPDM_BOOLEAN_RULE,SOURCE
R_PPDM_ROW_QUALITY,ROW_QUALITY_ID,R_PPDM_ENFORCE_METHOD,ROW_QUALITY
R_SOURCE,SOURCE,R_PPDM_GROUP_USE,SOURCE
R_SOURCE,SOURCE,R_PPDM_MAP_RULE_TYPE,SOURCE
R_PPDM_ROW_QUALITY,ROW_QUALITY_ID,R_PPDM_RDBMS,ROW_QUALITY
R_PPDM_ROW_QUALITY,ROW_QUALITY_ID,R_PPDM_SCHEMA_ENTITY,ROW_QUALITY
R_SOURCE,SOURCE,R_PPDM_SCHEMA_ENTITY,SOURCE
R_SOURCE,SOURCE,R_PPDM_UOM_USAGE,SOURCE
R_PPDM_ROW_QUALITY,ROW_QUALITY_ID,R_PROD_STRING_STAT_TYPE,ROW_QUALITY
R_PPDM_ROW_QUALITY,ROW_QUALITY_ID,R_PROJECT_ALIAS_TYPE,ROW_QUALITY
R_SOURCE,SOURCE,R_PROJECT_COMP_TYPE,SOURCE
R_SOURCE,SOURCE,R_PROJ_STEP_XREF_TYPE,SOURCE
R_SOURCE,SOURCE,R_RATE_SCHEDULE,SOURCE
R_PPDM_ROW_QUALITY,ROW_QUALITY_ID,R_RATE_SCHEDULE_COMP_TYPE,ROW_QUALITY
R_SOURCE,SOURCE,R_RATE_SCHED_XREF,SOURCE
R_SOURCE,SOURCE,R_RATIO_FLUID_TYPE,SOURCE
R_SOURCE,SOURCE,R_RECORDER_POSITION,SOURCE
R_SOURCE,SOURCE,R_RECORDER_TYPE,SOURCE
R_SOURCE,SOURCE,R_REPORT_HIER_TYPE,SOURCE
R_PPDM_ROW_QUALITY,ROW_QUALITY_ID,R_RESENT_GROUP_TYPE,ROW_QUALITY
R_SOURCE,SOURCE,R_RETENTION_PERIOD,SOURCE
R_SOURCE,SOURCE,R_REVISION_METHOD,SOURCE
R_SOURCE,SOURCE,R_RIG_OVERHEAD_CAPACITY,SOURCE
R_PPDM_ROW_QUALITY,ROW_QUALITY_ID,R_RIG_SWIVEL_TYPE,ROW_QUALITY
R_PPDM_ROW_QUALITY,ROW_QUALITY_ID,R_RMII_CONTENT_TYPE,ROW_QUALITY
R_PPDM_ROW_QUALITY,ROW_QUALITY_ID,R_RMII_DESC_TYPE,ROW_QUALITY
R_SOURCE,SOURCE,R_RMII_QUALITY_CODE,SOURCE
R_PPDM_ROW_QUALITY,ROW_QUALITY_ID,R_ROAD_TRAFFIC_FLOW_TYPE,ROW_QUALITY
R_PPDM_ROW_QUALITY,ROW_QUALITY_ID,R_SAMPLE_ANAL_COMP_TYPE,ROW_QUALITY
R_PPDM_ROW_QUALITY,ROW_QUALITY_ID,R_SAMPLE_WATER_TYPE,ROW_QUALITY
R_SOURCE,SOURCE,R_SCALE_TRANSFORM,SOURCE
R_SOURCE,SOURCE,R_SECTION_TYPE,SOURCE
R_SOURCE,SOURCE,R_SEIS_ACTIVITY_CLASS,SOURCE
R_PPDM_ROW_QUALITY,ROW_QUALITY_ID,R_SEIS_ACTIVITY_TYPE,ROW_QUALITY
R_PPDM_ROW_QUALITY,ROW_QUALITY_ID,R_SEIS_AUTHORIZE_LIMIT,ROW_QUALITY
R_SOURCE,SOURCE,R_SEIS_AUTHORIZE_REASON,SOURCE
R_PPDM_ROW_QUALITY,ROW_QUALITY_ID,R_SEIS_CABLE_MAKE,ROW_QUALITY
R_SOURCE,SOURCE,R_SEIS_LIC_COND,SOURCE
R_SOURCE,SOURCE,R_SEIS_LIC_COND_CODE,SOURCE
R_PPDM_ROW_QUALITY,ROW_QUALITY_ID,R_SEIS_LIC_DUE_CONDITION,ROW_QUALITY
R_SOURCE,SOURCE,R_SEIS_LIC_DUE_CONDITION,SOURCE
R_PPDM_ROW_QUALITY,ROW_QUALITY_ID,R_SEIS_PROC_STEP_TYPE,ROW_QUALITY
R_SOURCE,SOURCE,R_SEIS_RCVR_TYPE,SOURCE
R_PPDM_ROW_QUALITY,ROW_QUALITY_ID,R_SEIS_REF_DATUM,ROW_QUALITY
R_PPDM_ROW_QUALITY,ROW_QUALITY_ID,R_SEIS_STATION_TYPE,ROW_QUALITY
R_PPDM_ROW_QUALITY,ROW_QUALITY_ID,R_SEIS_STATUS,ROW_QUALITY
R_SOURCE,SOURCE,R_SERVICE_QUALITY,SOURCE
R_SOURCE,SOURCE,R_SF_AIRSTRIP_TYPE,SOURCE
R_PPDM_ROW_QUALITY,ROW_QUALITY_ID,R_SF_LANDING_TYPE,ROW_QUALITY
R_SOURCE,SOURCE,R_SF_LANDING_TYPE,SOURCE
R_PPDM_ROW_QUALITY,ROW_QUALITY_ID,R_SF_MAINTAIN_TYPE,ROW_QUALITY
R_PPDM_ROW_QUALITY,ROW_QUALITY_ID,R_SF_PAD_TYPE,ROW_QUALITY
R_PPDM_ROW_QUALITY,ROW_QUALITY_ID,R_SF_STATUS,ROW_QUALITY
R_PPDM_ROW_QUALITY,ROW_QUALITY_ID,R_SF_SURFACE_TYPE,ROW_QUALITY
R_SOURCE,SOURCE,R_SHOW_TYPE,SOURCE
R_SOURCE,SOURCE,R_SHUTIN_PRESS_TYPE,SOURCE
RM_PHYSICAL_ITEM,PHYSICAL_ITEM_ID,R_SOURCE_ORIGIN,PHYSICAL_ITEM_ID
R_PPDM_ROW_QUALITY,ROW_QUALITY_ID,R_SP_POINT_VERSION_TYPE,ROW_QUALITY
R_SOURCE,SOURCE,R_SP_ZONE_TYPE,SOURCE
R_SOURCE,SOURCE,R_STORE_STATUS,SOURCE
R_PPDM_ROW_QUALITY,ROW_QUALITY_ID,R_STRAT_ALIAS_TYPE,ROW_QUALITY
R_SOURCE,SOURCE,R_STRAT_DESC_TYPE,SOURCE
PPDM_PROPERTY_SET,PROPERTY_SET_ID,R_STRAT_DESC_TYPE,PROPERTY_SET_ID
R_PPDM_ROW_QUALITY,ROW_QUALITY_ID,R_STRAT_HIERARCHY,ROW_QUALITY
R_PPDM_ROW_QUALITY,ROW_QUALITY_ID,R_STRAT_STATUS,ROW_QUALITY
R_PPDM_ROW_QUALITY,ROW_QUALITY_ID,R_STRAT_TOPO_RELATION,ROW_QUALITY
R_SOURCE,SOURCE,R_STRAT_TYPE,SOURCE
R_SOURCE,SOURCE,R_STRAT_UNIT_QUALIFIER,SOURCE
R_PPDM_ROW_QUALITY,ROW_QUALITY_ID,R_STRAT_UNIT_TYPE,ROW_QUALITY
R_SOURCE,SOURCE,R_SW_APPLICATION,SOURCE
R_PPDM_ROW_QUALITY,ROW_QUALITY_ID,R_TEST_RESULT,ROW_QUALITY
R_PPDM_ROW_QUALITY,ROW_QUALITY_ID,R_TVD_METHOD,ROW_QUALITY
R_PPDM_ROW_QUALITY,ROW_QUALITY_ID,R_WASTE_FACILITY_TYPE,ROW_QUALITY
R_SOURCE,SOURCE,R_WASTE_HANDLING,SOURCE
R_SOURCE,SOURCE,R_WATER_DATUM,SOURCE
R_PPDM_ROW_QUALITY,ROW_QUALITY_ID,R_WELL_DOWNTIME_TYPE,ROW_QUALITY
R_PPDM_ROW_QUALITY,ROW_QUALITY_ID,R_WELL_LEVEL_TYPE,ROW_QUALITY
R_SOURCE,SOURCE,R_WELL_LIC_COND,SOURCE
R_PPDM_ROW_QUALITY,ROW_QUALITY_ID,R_WELL_LIC_COND_CODE,ROW_QUALITY
R_PPDM_ROW_QUALITY,ROW_QUALITY_ID,R_WELL_LIC_VIOL_RESOL,ROW_QUALITY
R_SOURCE,SOURCE,R_WELL_LIC_VIOL_RESOL,SOURCE
R_SOURCE,SOURCE,R_WELL_SERV_METRIC_CODE,SOURCE
R_SOURCE,SOURCE,R_WO_BA_ROLE,SOURCE
R_PPDM_ROW_QUALITY,ROW_QUALITY_ID,R_WO_BA_ROLE,ROW_QUALITY
R_SOURCE,SOURCE,R_WO_COMPONENT_TYPE,SOURCE
R_SOURCE,SOURCE,R_WO_CONDITION,SOURCE
R_SOURCE,SOURCE,R_ACCESS_CONDITION,SOURCE
R_PPDM_ROW_QUALITY,ROW_QUALITY_ID,R_AIR_GAS_CODE,ROW_QUALITY
R_PPDM_ROW_QUALITY,ROW_QUALITY_ID,R_AUTHOR_TYPE,ROW_QUALITY
R_PPDM_ROW_QUALITY,ROW_QUALITY_ID,R_BA_CATEGORY,ROW_QUALITY
R_SOURCE,SOURCE,R_BA_COMPONENT_TYPE,SOURCE
R_SOURCE,SOURCE,R_BA_LIC_DUE_CONDITION,SOURCE
R_SOURCE,SOURCE,R_BA_SERVICE_TYPE,SOURCE
R_SOURCE,SOURCE,R_BIT_CUT_STRUCT_INNER,SOURCE
R_PPDM_ROW_QUALITY,ROW_QUALITY_ID,R_BIT_CUT_STRUCT_OUTER,ROW_QUALITY
R_SOURCE,SOURCE,R_CAT_ADDITIVE_SPEC,SOURCE
R_PPDM_ROW_QUALITY,ROW_QUALITY_ID,R_CAT_ADDITIVE_XREF,ROW_QUALITY
R_SOURCE,SOURCE,R_CAT_EQUIP_SPEC,SOURCE
R_PPDM_ROW_QUALITY,ROW_QUALITY_ID,R_CLASS_DESC_PROPERTY,ROW_QUALITY
R_SOURCE,SOURCE,R_CLASS_LEV_XREF_TYPE,SOURCE
R_PPDM_ROW_QUALITY,ROW_QUALITY_ID,R_CLASS_SYSTEM_DIMENSION,ROW_QUALITY
R_SOURCE,SOURCE,R_CLASS_SYST_XREF_TYPE,SOURCE
R_SOURCE,SOURCE,R_CONFIDENCE_TYPE,SOURCE
R_PPDM_ROW_QUALITY,ROW_QUALITY_ID,R_CONFIDENTIAL_REASON,ROW_QUALITY
R_PPDM_ROW_QUALITY,ROW_QUALITY_ID,R_CONSENT_COMP_TYPE,ROW_QUALITY
R_PPDM_ROW_QUALITY,ROW_QUALITY_ID,R_CONSENT_REMARK,ROW_QUALITY
R_PPDM_ROW_QUALITY,ROW_QUALITY_ID,R_CONSENT_TYPE,ROW_QUALITY
R_SOURCE,SOURCE,R_CONSULT_ISSUE_TYPE,SOURCE
R_PPDM_ROW_QUALITY,ROW_QUALITY_ID,R_CONTAMINANT_TYPE,ROW_QUALITY
R_PPDM_ROW_QUALITY,ROW_QUALITY_ID,R_CONTEST_PARTY_ROLE,ROW_QUALITY
R_PPDM_ROW_QUALITY,ROW_QUALITY_ID,R_CONT_PROV_XREF_TYPE,ROW_QUALITY
R_SOURCE,SOURCE,R_CONT_TYPE,SOURCE
R_PPDM_ROW_QUALITY,ROW_QUALITY_ID,R_CONT_VOTE_RESPONSE,ROW_QUALITY
R_SOURCE,SOURCE,R_COORD_SYSTEM_TYPE,SOURCE
R_PPDM_ROW_QUALITY,ROW_QUALITY_ID,R_CORE_SAMPLE_TYPE,ROW_QUALITY
R_SOURCE,SOURCE,R_CORE_TYPE,SOURCE
R_SOURCE,SOURCE,R_CREATOR_TYPE,SOURCE
R_SOURCE,SOURCE,R_CUSHION_TYPE,SOURCE
R_SOURCE,SOURCE,R_DATA_CIRC_STATUS,SOURCE
R_PPDM_ROW_QUALITY,ROW_QUALITY_ID,R_DATE_FORMAT_TYPE,ROW_QUALITY
R_SOURCE,SOURCE,R_DECLINE_COND_CODE,SOURCE
R_SOURCE,SOURCE,R_DECLINE_TYPE,SOURCE
R_PPDM_ROW_QUALITY,ROW_QUALITY_ID,R_DIR_SRVY_COMPUTE,ROW_QUALITY
R_SOURCE,SOURCE,R_DIR_SRVY_COMPUTE,SOURCE
R_SOURCE,SOURCE,R_DOCUMENT_TYPE,SOURCE
R_PPDM_ROW_QUALITY,ROW_QUALITY_ID,R_DRILLING_MEDIA,ROW_QUALITY
R_PPDM_ROW_QUALITY,ROW_QUALITY_ID,R_DRILL_BIT_DETAIL_CODE,ROW_QUALITY
R_PPDM_ROW_QUALITY,ROW_QUALITY_ID,R_DRILL_BIT_JET_TYPE,ROW_QUALITY
R_PPDM_ROW_QUALITY,ROW_QUALITY_ID,R_DRILL_BIT_TYPE,ROW_QUALITY
R_DRILL_STAT_TYPE,STATISTIC_TYPE,R_DRILL_STAT_CODE,STATISTIC_TYPE
R_SOURCE,SOURCE,R_ECONOMIC_SCHEDULE,SOURCE
R_SOURCE,SOURCE,R_ECOZONE_XREF,SOURCE
R_SOURCE,SOURCE,R_EMPLOYEE_POSITION,SOURCE
R_SOURCE,SOURCE,R_EQUIP_BA_ROLE_TYPE,SOURCE
R_SOURCE,SOURCE,R_EQUIP_STATUS,SOURCE
R_SOURCE,SOURCE,R_EQUIP_STATUS_TYPE,SOURCE
R_PPDM_ROW_QUALITY,ROW_QUALITY_ID,R_FAC_FUNCTION,ROW_QUALITY
R_FAC_LIC_COND,CONDITION_TYPE,R_FAC_LIC_COND_CODE,CONDITION_TYPE
R_PPDM_ROW_QUALITY,ROW_QUALITY_ID,R_FAC_LIC_VIOLATION_TYPE,ROW_QUALITY
R_PPDM_ROW_QUALITY,ROW_QUALITY_ID,R_FIELD_STATION_TYPE,ROW_QUALITY
R_PPDM_ROW_QUALITY,ROW_QUALITY_ID,R_FIELD_TYPE,ROW_QUALITY
R_SOURCE,SOURCE,R_FIN_COMPONENT_TYPE,SOURCE
R_SOURCE,SOURCE,R_FIN_XREF_TYPE,SOURCE
R_PPDM_ROW_QUALITY,ROW_QUALITY_ID,R_FLUID_TYPE,ROW_QUALITY
R_SOURCE,SOURCE,R_FOS_TAXON_LEVEL,SOURCE
R_PPDM_ROW_QUALITY,ROW_QUALITY_ID,R_INCIDENT_CAUSE_TYPE,ROW_QUALITY
R_PPDM_ROW_QUALITY,ROW_QUALITY_ID,R_INCIDENT_INTERACT_TYPE,ROW_QUALITY
R_SOURCE,SOURCE,R_INCIDENT_INTERACT_TYPE,SOURCE
R_SOURCE,SOURCE,R_INCIDENT_SUBSTANCE,SOURCE
R_PPDM_ROW_QUALITY,ROW_QUALITY_ID,R_INPUT_TYPE,ROW_QUALITY
R_SOURCE,SOURCE,R_INSP_STATUS,SOURCE
R_PPDM_ROW_QUALITY,ROW_QUALITY_ID,R_INST_DETAIL_TYPE,ROW_QUALITY
R_SOURCE,SOURCE,R_INTERP_TYPE,SOURCE
PPDM_PROPERTY_SET,PROPERTY_SET_ID,R_INTERP_TYPE,PROPERTY_SET_ID
R_PPDM_ROW_QUALITY,ROW_QUALITY_ID,R_INT_SET_STATUS_TYPE,ROW_QUALITY
R_PPDM_ROW_QUALITY,ROW_QUALITY_ID,R_ITEM_SUB_CATEGORY,ROW_QUALITY
R_PPDM_ROW_QUALITY,ROW_QUALITY_ID,R_LAND_CASE_TYPE,ROW_QUALITY
R_SOURCE,SOURCE,R_LAND_OFFRING_STATUS,SOURCE
R_PPDM_ROW_QUALITY,ROW_QUALITY_ID,R_LAND_OFFRING_TYPE,ROW_QUALITY
R_SOURCE,SOURCE,R_LAND_OFFRING_TYPE,SOURCE
R_SOURCE,SOURCE,R_LAND_REQUEST_TYPE,SOURCE
R_PPDM_ROW_QUALITY,ROW_QUALITY_ID,R_LAND_RIGHT_CATEGORY,ROW_QUALITY
R_SOURCE,SOURCE,R_LAND_RIGHT_CATEGORY,SOURCE
R_PPDM_ROW_QUALITY,ROW_QUALITY_ID,R_LAND_RIGHT_STATUS,ROW_QUALITY
R_SOURCE,SOURCE,R_LAND_TITLE_CHG_RSN,SOURCE
R_SOURCE,SOURCE,R_LAND_WELL_REL_TYPE,SOURCE
R_PPDM_ROW_QUALITY,ROW_QUALITY_ID,R_LEASE_UNIT_TYPE,ROW_QUALITY
R_SOURCE,SOURCE,R_LITH_INTENSITY,SOURCE
R_PPDM_ROW_QUALITY,ROW_QUALITY_ID,R_LITH_LOG_COMP_TYPE,ROW_QUALITY
R_SOURCE,SOURCE,R_LR_TERMIN_TYPE,SOURCE
R_PPDM_ROW_QUALITY,ROW_QUALITY_ID,R_MISC_DATA_CODE,ROW_QUALITY
R_PPDM_ROW_QUALITY,ROW_QUALITY_ID,R_MONTH,ROW_QUALITY
R_SOURCE,SOURCE,R_MUD_PROPERTY_CODE,SOURCE
R_MUD_PROPERTY_TYPE,MUD_PROPERTY,R_MUD_PROPERTY_CODE,MUD_PROPERTY
R_PPDM_ROW_QUALITY,ROW_QUALITY_ID,R_MUD_PROPERTY_REF,ROW_QUALITY
R_PPDM_ROW_QUALITY,ROW_QUALITY_ID,R_OBLIG_COMP_REASON,ROW_QUALITY
R_PPDM_ROW_QUALITY,ROW_QUALITY_ID,R_OBLIG_DEDUCT_CALC,ROW_QUALITY
R_SOURCE,SOURCE,R_OBLIG_DEDUCT_CALC,SOURCE
R_PPDM_ROW_QUALITY,ROW_QUALITY_ID,R_OBLIG_PARTY_TYPE,ROW_QUALITY
R_PPDM_ROW_QUALITY,ROW_QUALITY_ID,R_OBLIG_SUSPEND_PAY,ROW_QUALITY
R_PPDM_ROW_QUALITY,ROW_QUALITY_ID,R_PALEO_TYPE_FOSSIL,ROW_QUALITY
R_SOURCE,SOURCE,R_PARCEL_LOT_TYPE,SOURCE
R_PPDM_ROW_QUALITY,ROW_QUALITY_ID,R_PAYZONE_TYPE,ROW_QUALITY
R_PPDM_ROW_QUALITY,ROW_QUALITY_ID,R_PAY_METHOD,ROW_QUALITY
R_SOURCE,SOURCE,R_PAY_RATE_TYPE,SOURCE
R_PPDM_ROW_QUALITY,ROW_QUALITY_ID,R_PDEN_STATUS,ROW_QUALITY
R_PPDM_ROW_QUALITY,ROW_QUALITY_ID,R_PDEN_STATUS_TYPE,ROW_QUALITY
R_SOURCE,SOURCE,R_PPDM_AUDIT_REASON,SOURCE
R_PPDM_ROW_QUALITY,ROW_QUALITY_ID,R_PPDM_AUDIT_TYPE,ROW_QUALITY
R_PPDM_ROW_QUALITY,ROW_QUALITY_ID,R_PPDM_BOOLEAN_RULE,ROW_QUALITY
R_SOURCE,SOURCE,R_PPDM_FAIL_RESULT,SOURCE
R_SOURCE,SOURCE,R_PPDM_MAP_TYPE,SOURCE
R_PPDM_METRIC_TYPE,METRIC_TYPE,R_PPDM_METRIC_CODE,METRIC_TYPE
R_PPDM_ROW_QUALITY,ROW_QUALITY_ID,R_PPDM_OBJECT_TYPE,ROW_QUALITY
R_SOURCE,SOURCE,R_PPDM_PROC_TYPE,SOURCE
R_SOURCE,SOURCE,R_PPDM_REF_VALUE_TYPE,SOURCE
R_PPDM_ROW_QUALITY,ROW_QUALITY_ID,R_PPDM_RULE_PURPOSE,ROW_QUALITY
R_SOURCE,SOURCE,R_PPDM_RULE_PURPOSE,SOURCE
R_SOURCE,SOURCE,R_PPDM_RULE_XREF_COND,SOURCE
R_SOURCE,SOURCE,R_PRESERVE_TYPE,SOURCE
R_SOURCE,SOURCE,R_PRODUCTION_METHOD,SOURCE
R_PPDM_ROW_QUALITY,ROW_QUALITY_ID,R_PROD_STRING_COMP_TYPE,ROW_QUALITY
R_PPDM_ROW_QUALITY,ROW_QUALITY_ID,R_PROD_STR_FM_STAT_TYPE,ROW_QUALITY
R_SOURCE,SOURCE,R_PROD_STR_FM_STAT_TYPE,SOURCE
R_PPDM_ROW_QUALITY,ROW_QUALITY_ID,R_PROJECTION_TYPE,ROW_QUALITY
R_SOURCE,SOURCE,R_PROJECT_COMP_REASON,SOURCE
R_SOURCE,SOURCE,R_PROJECT_STATUS,SOURCE
R_PPDM_ROW_QUALITY,ROW_QUALITY_ID,R_PROJECT_STATUS_TYPE,ROW_QUALITY
R_PPDM_ROW_QUALITY,ROW_QUALITY_ID,R_RATIO_CURVE_TYPE,ROW_QUALITY
R_PPDM_ROW_QUALITY,ROW_QUALITY_ID,R_RECORDER_TYPE,ROW_QUALITY
R_PPDM_ROW_QUALITY,ROW_QUALITY_ID,R_RESENT_USE_TYPE,ROW_QUALITY
R_SOURCE,SOURCE,R_RESENT_VOL_METHOD,SOURCE
R_PPDM_ROW_QUALITY,ROW_QUALITY_ID,R_REST_ACTIVITY,ROW_QUALITY
R_PPDM_ROW_QUALITY,ROW_QUALITY_ID,R_REVISION_METHOD,ROW_QUALITY
R_PPDM_ROW_QUALITY,ROW_QUALITY_ID,R_RIG_CLASS,ROW_QUALITY
R_SOURCE,SOURCE,R_RIG_CODE,SOURCE
R_PPDM_ROW_QUALITY,ROW_QUALITY_ID,R_RIG_HOOKBLOCK_TYPE,ROW_QUALITY
R_PPDM_ROW_QUALITY,ROW_QUALITY_ID,R_RIG_OVERHEAD_TYPE,ROW_QUALITY
R_PPDM_ROW_QUALITY,ROW_QUALITY_ID,R_RMII_METADATA_TYPE,ROW_QUALITY
R_PPDM_ROW_QUALITY,ROW_QUALITY_ID,R_ROAD_CONDITION,ROW_QUALITY
R_PPDM_ROW_QUALITY,ROW_QUALITY_ID,R_ROAD_DRIVING_SIDE,ROW_QUALITY
R_PPDM_ROW_QUALITY,ROW_QUALITY_ID,R_SAMPLE_COLLECTION_TYPE,ROW_QUALITY
R_SOURCE,SOURCE,R_SCREEN_LOCATION,SOURCE
R_PPDM_ROW_QUALITY,ROW_QUALITY_ID,R_SECTION_TYPE,ROW_QUALITY
R_SOURCE,SOURCE,R_SEISMIC_PATH,SOURCE
R_SEIS_ACTIVITY_CLASS,SEIS_ACTIVITY_CLASS,R_SEIS_ACTIVITY_TYPE,SEIS_ACTIVITY_CLASS
R_SOURCE,SOURCE,R_SEIS_DIMENSION,SOURCE
R_PPDM_ROW_QUALITY,ROW_QUALITY_ID,R_SEIS_FLOW_DESC_TYPE,ROW_QUALITY
R_PPDM_ROW_QUALITY,ROW_QUALITY_ID,R_SEIS_GROUP_TYPE,ROW_QUALITY
R_PPDM_ROW_QUALITY,ROW_QUALITY_ID,R_SEIS_PICK_METHOD,ROW_QUALITY
R_SOURCE,SOURCE,R_SEIS_PROC_COMP_TYPE,SOURCE
R_SOURCE,SOURCE,R_SEIS_PROC_SET_TYPE,SOURCE
R_PPDM_ROW_QUALITY,ROW_QUALITY_ID,R_SEIS_PROC_STEP_NAME,ROW_QUALITY
R_SOURCE,SOURCE,R_SEIS_RCVR_ARRY_TYPE,SOURCE
R_SOURCE,SOURCE,R_SEIS_SET_COMPONENT_TYPE,SOURCE
R_SOURCE,SOURCE,R_SEIS_STATION_TYPE,SOURCE
R_SOURCE,SOURCE,R_SEIS_STATUS,SOURCE
R_SOURCE,SOURCE,R_SEIS_SWEEP_TYPE,SOURCE
R_PPDM_ROW_QUALITY,ROW_QUALITY_ID,R_SF_AIRSTRIP_TYPE,ROW_QUALITY
R_PPDM_ROW_QUALITY,ROW_QUALITY_ID,R_SF_COMPONENT_TYPE,ROW_QUALITY
R_PPDM_ROW_QUALITY,ROW_QUALITY_ID,R_SF_DESC_TYPE,ROW_QUALITY
R_PPDM_ROW_QUALITY,ROW_QUALITY_ID,R_SF_TOWER_TYPE,ROW_QUALITY
R_SOURCE,SOURCE,R_SF_XREF_TYPE,SOURCE
R_SOURCE,SOURCE,R_SPATIAL_DESC_COMP_TYPE,SOURCE
R_SOURCE,SOURCE,R_STRAT_ALIAS_TYPE,SOURCE
R_PPDM_ROW_QUALITY,ROW_QUALITY_ID,R_STRAT_CORR_TYPE,ROW_QUALITY
R_PPDM_ROW_QUALITY,ROW_QUALITY_ID,R_STRAT_DESC_TYPE,ROW_QUALITY
R_SOURCE,SOURCE,R_STRAT_INTERP_METHOD,SOURCE
R_PPDM_ROW_QUALITY,ROW_QUALITY_ID,R_STRAT_NAME_SET_TYPE,ROW_QUALITY
R_PPDM_ROW_QUALITY,ROW_QUALITY_ID,R_STRAT_UNIT_COMP_TYPE,ROW_QUALITY
R_PPDM_ROW_QUALITY,ROW_QUALITY_ID,R_STREAMER_COMP,ROW_QUALITY
R_PPDM_ROW_QUALITY,ROW_QUALITY_ID,R_TEST_PERIOD_TYPE,ROW_QUALITY
R_SOURCE,SOURCE,R_TEST_RECOV_METHOD,SOURCE
R_SOURCE,SOURCE,R_TIMEZONE,SOURCE
R_PPDM_ROW_QUALITY,ROW_QUALITY_ID,R_TRACE_HEADER_FORMAT,ROW_QUALITY
R_PPDM_ROW_QUALITY,ROW_QUALITY_ID,R_TRANS_COMP_TYPE,ROW_QUALITY
R_PPDM_ROW_QUALITY,ROW_QUALITY_ID,R_TREATMENT_FLUID,ROW_QUALITY
R_SOURCE,SOURCE,R_TREATMENT_FLUID,SOURCE
R_SOURCE,SOURCE,R_TUBING_GRADE,SOURCE
R_PPDM_ROW_QUALITY,ROW_QUALITY_ID,R_VELOCITY_COMPUTE,ROW_QUALITY
R_SOURCE,SOURCE,R_VELOCITY_COMPUTE,SOURCE
R_PPDM_ROW_QUALITY,ROW_QUALITY_ID,R_VERTICAL_DATUM_TYPE,ROW_QUALITY
R_SOURCE,SOURCE,R_VESSEL_REFERENCE,SOURCE
R_WELL_ACTIVITY_CAUSE,CAUSE_TYPE,R_WELL_ACTIVITY_CAUSE,PARENT_CAUSE_TYPE
R_SOURCE,SOURCE,R_WELL_ACT_TYPE_EQUIV,SOURCE
R_PPDM_ROW_QUALITY,ROW_QUALITY_ID,R_WELL_ALIAS_LOCATION,ROW_QUALITY
R_SOURCE,SOURCE,R_WELL_LIC_COND_CODE,SOURCE
R_PPDM_ROW_QUALITY,ROW_QUALITY_ID,R_WELL_LIC_DUE_CONDITION,ROW_QUALITY
R_SOURCE,SOURCE,R_WELL_LIC_DUE_CONDITION,SOURCE
R_PPDM_ROW_QUALITY,ROW_QUALITY_ID,R_WELL_PROFILE_TYPE,ROW_QUALITY
R_SOURCE,SOURCE,R_WELL_PROFILE_TYPE,SOURCE
R_PPDM_ROW_QUALITY,ROW_QUALITY_ID,R_WELL_SF_USE_TYPE,ROW_QUALITY
R_PPDM_ROW_QUALITY,ROW_QUALITY_ID,R_WELL_STATUS,ROW_QUALITY
R_STATUS_GROUP,STATUS_GROUP,R_WELL_STATUS,STATUS_GROUP
R_PPDM_ROW_QUALITY,ROW_QUALITY_ID,R_WIND_STRENGTH,ROW_QUALITY
R_SOURCE,SOURCE,R_WO_INSTRUCTION,SOURCE
R_SOURCE,SOURCE,R_WO_TYPE,SOURCE
R_SOURCE,SOURCE,R_ACTIVITY_TYPE,SOURCE
R_SOURCE,SOURCE,R_ADDITIVE_METHOD,SOURCE
R_PPDM_ROW_QUALITY,ROW_QUALITY_ID,R_ADDITIVE_METHOD,ROW_QUALITY
R_PPDM_ROW_QUALITY,ROW_QUALITY_ID,R_AIRCRAFT_TYPE,ROW_QUALITY
R_SOURCE,SOURCE,R_ALIAS_REASON_TYPE,SOURCE
R_SOURCE,SOURCE,R_ANALYSIS_PROPERTY,SOURCE
R_ANALYSIS_PROPERTY,ANALYSIS_PROPERTY,R_ANAL_PROPERTY_CODE,ANALYSIS_PROPERTY
R_SOURCE,SOURCE,R_AOF_ANALYSIS_TYPE,SOURCE
R_PPDM_ROW_QUALITY,ROW_QUALITY_ID,R_API_LOG_SYSTEM,ROW_QUALITY
R_PPDM_ROW_QUALITY,ROW_QUALITY_ID,R_APPLIC_DECISION,ROW_QUALITY
R_PPDM_ROW_QUALITY,ROW_QUALITY_ID,R_AREA_TYPE,ROW_QUALITY
R_SOURCE,SOURCE,R_BIT_REASON_PULLED,SOURCE
R_PPDM_ROW_QUALITY,ROW_QUALITY_ID,R_CAT_EQUIP_SPEC_CODE,ROW_QUALITY
R_SOURCE,SOURCE,R_CAT_EQUIP_TYPE,SOURCE
R_SOURCE,SOURCE,R_CODE_VERSION_XREF_TYPE,SOURCE
R_COMPLETION_STATUS_TYPE,STATUS_TYPE,R_COMPLETION_STATUS,STATUS_TYPE
R_SOURCE,SOURCE,R_CONDITION_TYPE,SOURCE
R_SOURCE,SOURCE,R_CONFORMITY_RELATION,SOURCE
R_SOURCE,SOURCE,R_CONSULT_COMP_TYPE,SOURCE
R_SOURCE,SOURCE,R_CONSULT_REASON,SOURCE
R_SOURCE,SOURCE,R_CONTAMINANT_TYPE,SOURCE
R_SOURCE,SOURCE,R_CONTEST_PARTY_ROLE,SOURCE
R_SOURCE,SOURCE,R_CONT_EXTEND_COND,SOURCE
R_PPDM_ROW_QUALITY,ROW_QUALITY_ID,R_CONT_INSUR_ELECT,ROW_QUALITY
R_SOURCE,SOURCE,R_CONT_PROV_XREF_TYPE,SOURCE
R_SOURCE,SOURCE,R_COUPLING_TYPE,SOURCE
R_SOURCE,SOURCE,R_CS_TRANSFORM_TYPE,SOURCE
SOURCE_DOCUMENT,SOURCE_DOCUMENT,R_CS_TRANSFORM_TYPE,SOURCE_DOCUMENT
R_SOURCE,SOURCE,R_CURVE_TYPE,SOURCE
R_SOURCE,SOURCE,R_DATA_STORE_TYPE,SOURCE
R_SOURCE,SOURCE,R_DATUM_ORIGIN,SOURCE
R_PPDM_ROW_QUALITY,ROW_QUALITY_ID,R_DECLINE_COND_CODE,ROW_QUALITY
R_PPDM_ROW_QUALITY,ROW_QUALITY_ID,R_DIGITAL_FORMAT,ROW_QUALITY
R_SOURCE,SOURCE,R_DOC_STATUS,SOURCE
R_SOURCE,SOURCE,R_DRILL_BIT_CONDITION,SOURCE
R_DRILL_BIT_DETAIL_TYPE,BIT_DETAIL_TYPE,R_DRILL_BIT_DETAIL_CODE,BIT_DETAIL_TYPE
R_SOURCE,SOURCE,R_DRILL_BIT_JET_TYPE,SOURCE
R_SOURCE,SOURCE,R_DRILL_TOOL_TYPE,SOURCE
R_PPDM_ROW_QUALITY,ROW_QUALITY_ID,R_ENHANCED_REC_TYPE,ROW_QUALITY
R_PPDM_ROW_QUALITY,ROW_QUALITY_ID,R_EQUIP_COMPONENT_TYPE,ROW_QUALITY
R_SOURCE,SOURCE,R_EQUIP_MAINT_REASON,SOURCE
R_SOURCE,SOURCE,R_EQUIP_REMOVE_REASON,SOURCE
R_PPDM_ROW_QUALITY,ROW_QUALITY_ID,R_EQUIP_SPEC,ROW_QUALITY
R_SOURCE,SOURCE,R_EQUIP_XREF_TYPE,SOURCE
R_SOURCE,SOURCE,R_FACILITY_CLASS,SOURCE
R_PPDM_ROW_QUALITY,ROW_QUALITY_ID,R_FACILITY_SPEC_TYPE,ROW_QUALITY
R_SOURCE,SOURCE,R_FACILITY_SPEC_TYPE,SOURCE
R_SOURCE,SOURCE,R_FACILITY_STATUS,SOURCE
R_PPDM_ROW_QUALITY,ROW_QUALITY_ID,R_FAC_LIC_EXTEND_TYPE,ROW_QUALITY
R_SOURCE,SOURCE,R_FAC_MAINT_STATUS_TYPE,SOURCE
R_PPDM_ROW_QUALITY,ROW_QUALITY_ID,R_FAC_STATUS_TYPE,ROW_QUALITY
R_SOURCE,SOURCE,R_FIN_TYPE,SOURCE
R_SOURCE,SOURCE,R_FONT,SOURCE
R_SOURCE,SOURCE,R_FONT_EFFECT,SOURCE
R_SOURCE,SOURCE,R_FOOTAGE_ORIGIN,SOURCE
R_PPDM_ROW_QUALITY,ROW_QUALITY_ID,R_FOS_ASSEMBLAGE_TYPE,ROW_QUALITY
R_FOS_DESC_TYPE,DESCRIPTION_TYPE,R_FOS_DESC_CODE,DESCRIPTION_TYPE
R_PPDM_ROW_QUALITY,ROW_QUALITY_ID,R_FOS_DESC_TYPE,ROW_QUALITY
R_SOURCE,SOURCE,R_FOS_TAI_COLOR,SOURCE
R_SOURCE,SOURCE,R_FOS_XREF,SOURCE
R_PPDM_ROW_QUALITY,ROW_QUALITY_ID,R_GEOMETRY_TYPE,ROW_QUALITY
R_SOURCE,SOURCE,R_HORIZ_DRILL_TYPE,SOURCE
R_PPDM_ROW_QUALITY,ROW_QUALITY_ID,R_HSE_INCIDENT_COMP_TYPE,ROW_QUALITY
R_SOURCE,SOURCE,R_HSE_INCIDENT_COMP_TYPE,SOURCE
R_SOURCE,SOURCE,R_HSE_INCIDENT_DETAIL,SOURCE
R_PPDM_ROW_QUALITY,ROW_QUALITY_ID,R_INCIDENT_RESP_RESULT,ROW_QUALITY
R_SOURCE,SOURCE,R_INSP_COMP_TYPE,SOURCE
R_SOURCE,SOURCE,R_INST_DETAIL_REF_VALUE,SOURCE
R_PPDM_ROW_QUALITY,ROW_QUALITY_ID,R_INTERP_TYPE,ROW_QUALITY
R_PPDM_ROW_QUALITY,ROW_QUALITY_ID,R_INT_SET_COMPONENT,ROW_QUALITY
R_PPDM_ROW_QUALITY,ROW_QUALITY_ID,R_INT_SET_ROLE,ROW_QUALITY
R_SOURCE,SOURCE,R_INT_SET_ROLE,SOURCE
R_SOURCE,SOURCE,R_ITEM_SUB_CATEGORY,SOURCE
R_SOURCE,SOURCE,R_LAND_CASE_ACTION,SOURCE
R_PPDM_ROW_QUALITY,ROW_QUALITY_ID,R_LAND_RENTAL_TYPE,ROW_QUALITY
R_LAND_STATUS_TYPE,STATUS_TYPE,R_LAND_RIGHT_STATUS,STATUS_TYPE
R_SOURCE,SOURCE,R_LAND_UNIT_TYPE,SOURCE
R_SOURCE,SOURCE,R_LANGUAGE,SOURCE
R_PPDM_ROW_QUALITY,ROW_QUALITY_ID,R_LEASE_UNIT_STATUS,ROW_QUALITY
R_PPDM_ROW_QUALITY,ROW_QUALITY_ID,R_LIC_STATUS_TYPE,ROW_QUALITY
R_PPDM_ROW_QUALITY,ROW_QUALITY_ID,R_LITH_COMPONENT,ROW_QUALITY
R_SOURCE,SOURCE,R_LITH_DIAGENESIS,SOURCE
R_SOURCE,SOURCE,R_LITH_STRUCTURE,SOURCE
R_SOURCE,SOURCE,R_LOG_CRV_CLASS_SYSTEM,SOURCE
R_PPDM_ROW_QUALITY,ROW_QUALITY_ID,R_LOG_DIRECTION,ROW_QUALITY
R_SOURCE,SOURCE,R_LOG_MATRIX,SOURCE
R_SOURCE,SOURCE,R_LOG_TOOL_TYPE,SOURCE
R_SOURCE,SOURCE,R_LOST_MATERIAL_TYPE,SOURCE
R_PPDM_ROW_QUALITY,ROW_QUALITY_ID,R_LR_FIELD_XREF,ROW_QUALITY
R_PPDM_ROW_QUALITY,ROW_QUALITY_ID,R_MEDIA_TYPE,ROW_QUALITY
R_SOURCE,SOURCE,R_MISC_DATA_TYPE,SOURCE
R_PPDM_ROW_QUALITY,ROW_QUALITY_ID,R_MUD_PROPERTY_TYPE,ROW_QUALITY
R_SOURCE,SOURCE,R_NORTH,SOURCE
R_PPDM_ROW_QUALITY,ROW_QUALITY_ID,R_OBLIG_CATEGORY,ROW_QUALITY
R_SOURCE,SOURCE,R_OBLIG_CATEGORY,SOURCE
R_PPDM_ROW_QUALITY,ROW_QUALITY_ID,R_OBLIG_COMPONENT_TYPE,ROW_QUALITY
R_SOURCE,SOURCE,R_OBLIG_PARTY_TYPE,SOURCE
R_SOURCE,SOURCE,R_OBLIG_REMARK_TYPE,SOURCE
R_PPDM_ROW_QUALITY,ROW_QUALITY_ID,R_OPERAND_QUALIFIER,ROW_QUALITY
R_PPDM_ROW_QUALITY,ROW_QUALITY_ID,R_PAL_SUM_COMP_TYPE,ROW_QUALITY
R_SOURCE,SOURCE,R_PAL_SUM_COMP_TYPE,SOURCE
R_PPDM_ROW_QUALITY,ROW_QUALITY_ID,R_PAL_SUM_XREF_TYPE,ROW_QUALITY
R_SOURCE,SOURCE,R_PAL_SUM_XREF_TYPE,SOURCE
R_SOURCE,SOURCE,R_PAYZONE_TYPE,SOURCE
R_SOURCE,SOURCE,R_PDEN_AMEND_REASON,SOURCE
R_SOURCE,SOURCE,R_PERFORATION_METHOD,SOURCE
R_PPDM_ROW_QUALITY,ROW_QUALITY_ID,R_PERFORATION_TYPE,ROW_QUALITY
R_PPDM_ROW_QUALITY,ROW_QUALITY_ID,R_PICK_QUALIFIER,ROW_QUALITY
R_SOURCE,SOURCE,R_PICK_QUALIFIER,SOURCE
R_SOURCE,SOURCE,R_PLUG_TYPE,SOURCE
R_PPDM_ROW_QUALITY,ROW_QUALITY_ID,R_POOL_COMPONENT_TYPE,ROW_QUALITY
R_PPDM_ROW_QUALITY,ROW_QUALITY_ID,R_PPDM_FAIL_RESULT,ROW_QUALITY
R_SOURCE,SOURCE,R_PPDM_GROUP_XREF_TYPE,SOURCE
R_PPDM_ROW_QUALITY,ROW_QUALITY_ID,R_PPDM_MAP_TYPE,ROW_QUALITY
PPDM_PROPERTY_SET,PROPERTY_SET_ID,R_PPDM_METRIC_TYPE,PROPERTY_SET_ID
R_PPDM_ROW_QUALITY,ROW_QUALITY_ID,R_PPDM_OPERATING_SYSTEM,ROW_QUALITY
R_SOURCE,SOURCE,R_PPDM_OPERATING_SYSTEM,SOURCE
R_SOURCE,SOURCE,R_PPDM_SCHEMA_GROUP,SOURCE
R_PPDM_ROW_QUALITY,ROW_QUALITY_ID,R_PPDM_TABLE_TYPE,ROW_QUALITY
R_SOURCE,SOURCE,R_PRESERVE_QUALITY,SOURCE
R_PPDM_ROW_QUALITY,ROW_QUALITY_ID,R_PRESERVE_TYPE,ROW_QUALITY
R_PPDM_ROW_QUALITY,ROW_QUALITY_ID,R_PRODUCT_COMPONENT_TYPE,ROW_QUALITY
R_PPDM_ROW_QUALITY,ROW_QUALITY_ID,R_PROD_STRING_STATUS,ROW_QUALITY
R_SOURCE,SOURCE,R_PROD_STRING_STAT_TYPE,SOURCE
R_STATUS_GROUP,STATUS_GROUP,R_PROD_STR_FM_STATUS,STATUS_GROUP
R_SOURCE,SOURCE,R_PROJECT_BA_ROLE,SOURCE
R_SOURCE,SOURCE,R_PROJECT_STATUS_TYPE,SOURCE
R_PROJECT_TYPE,PROJECT_TYPE,R_PROJECT_STATUS_TYPE,PROJECT_TYPE
R_SOURCE,SOURCE,R_PROJ_STEP_TYPE,SOURCE
R_SOURCE,SOURCE,R_QUALITY,SOURCE
R_PPDM_ROW_QUALITY,ROW_QUALITY_ID,R_RECORDER_POSITION,ROW_QUALITY
R_SOURCE,SOURCE,R_REPORT_HIER_COMP,SOURCE
R_SOURCE,SOURCE,R_RESENT_CONFIDENCE,SOURCE
R_SOURCE,SOURCE,R_REST_DURATION,SOURCE
R_SOURCE,SOURCE,R_REST_TYPE,SOURCE
R_PPDM_ROW_QUALITY,ROW_QUALITY_ID,R_RIG_DESILTER_TYPE,ROW_QUALITY
R_SOURCE,SOURCE,R_RIG_MAST,SOURCE
R_PPDM_ROW_QUALITY,ROW_QUALITY_ID,R_RIG_SUBSTRUCTURE,ROW_QUALITY
R_SOURCE,SOURCE,R_RIG_TYPE,SOURCE
R_PPDM_ROW_QUALITY,ROW_QUALITY_ID,R_RMII_CONTACT_TYPE,ROW_QUALITY
R_SOURCE,SOURCE,R_RMII_CONTENT_TYPE,SOURCE
R_SOURCE,SOURCE,R_ROAD_CONDITION,SOURCE
R_SOURCE,SOURCE,R_SAMPLE_COLLECTION_TYPE,SOURCE
R_PPDM_ROW_QUALITY,ROW_QUALITY_ID,R_SAMPLE_SHAPE,ROW_QUALITY
R_SOURCE,SOURCE,R_SAMPLE_WATER_TYPE,SOURCE
R_PPDM_ROW_QUALITY,ROW_QUALITY_ID,R_SEIS_3D_TYPE,ROW_QUALITY
R_SOURCE,SOURCE,R_SEIS_ACTIVITY_TYPE,SOURCE
R_SOURCE,SOURCE,R_SEIS_AUTHORIZE_LIMIT,SOURCE
R_SOURCE,SOURCE,R_SEIS_BIN_METHOD,SOURCE
R_SOURCE,SOURCE,R_SEIS_CABLE_MAKE,SOURCE
R_SOURCE,SOURCE,R_SEIS_ENERGY_TYPE,SOURCE
R_PPDM_ROW_QUALITY,ROW_QUALITY_ID,R_SEIS_PATCH_TYPE,ROW_QUALITY
R_SOURCE,SOURCE,R_SEIS_PICK_METHOD,SOURCE
R_SOURCE,SOURCE,R_SEIS_PROC_PARM,SOURCE
PPDM_PROPERTY_SET,PROPERTY_SET_ID,R_SEIS_PROC_PARM,PROPERTY_SET_ID
R_SOURCE,SOURCE,R_SEIS_PROC_STATUS,SOURCE
R_SOURCE,SOURCE,R_SEIS_RCRD_FMT_TYPE,SOURCE
R_PPDM_ROW_QUALITY,ROW_QUALITY_ID,R_SEIS_REF_NUM_TYPE,ROW_QUALITY
R_PPDM_ROW_QUALITY,ROW_QUALITY_ID,R_SEIS_SEGMENT_REASON,ROW_QUALITY
R_PPDM_ROW_QUALITY,ROW_QUALITY_ID,R_SEIS_TRANS_COMP_TYPE,ROW_QUALITY
R_PPDM_ROW_QUALITY,ROW_QUALITY_ID,R_SEVERITY,ROW_QUALITY
R_SOURCE,SOURCE,R_SF_COMPONENT_TYPE,SOURCE
R_SOURCE,SOURCE,R_SF_DESC_TYPE,SOURCE
PPDM_PROPERTY_SET,PROPERTY_SET_ID,R_SF_DESC_TYPE,PROPERTY_SET_ID
R_PPDM_ROW_QUALITY,ROW_QUALITY_ID,R_SF_DESC_VALUE,ROW_QUALITY
R_SOURCE,SOURCE,R_SF_MAINTAIN_TYPE,SOURCE
R_SOURCE,SOURCE,R_SF_STATUS,SOURCE
R_SOURCE,SOURCE,R_SF_VEHICLE_TYPE,SOURCE
R_PPDM_ROW_QUALITY,ROW_QUALITY_ID,R_SHUTIN_PRESS_TYPE,ROW_QUALITY
PROJECT,PROJECT_ID,R_SOURCE_ORIGIN,PROJECT_ID
R_PPDM_ROW_QUALITY,ROW_QUALITY_ID,R_SP_ZONE_DEFIN__XREF,ROW_QUALITY
R_PPDM_ROW_QUALITY,ROW_QUALITY_ID,R_STATUS_GROUP,ROW_QUALITY
R_SOURCE,SOURCE,R_STATUS_GROUP,SOURCE
R_SOURCE,SOURCE,R_STRAT_COL_XREF_TYPE,SOURCE
R_PPDM_ROW_QUALITY,ROW_QUALITY_ID,R_STRAT_INTERP_METHOD,ROW_QUALITY
R_SOURCE,SOURCE,R_STRAT_STATUS,SOURCE
R_SOURCE,SOURCE,R_STRAT_UNIT_COMP_TYPE,SOURCE
R_PPDM_ROW_QUALITY,ROW_QUALITY_ID,R_STREAMER_POSITION,ROW_QUALITY
R_WELL_TEST_TYPE,WELL_TEST_TYPE,R_TEST_SUBTYPE,TEST_TYPE
R_PPDM_ROW_QUALITY,ROW_QUALITY_ID,R_TITLE_OWN_TYPE,ROW_QUALITY
R_SOURCE,SOURCE,R_TREATMENT_TYPE,SOURCE
R_PPDM_ROW_QUALITY,ROW_QUALITY_ID,R_VELOCITY_DIMENSION,ROW_QUALITY
R_PPDM_ROW_QUALITY,ROW_QUALITY_ID,R_VELOCITY_TYPE,ROW_QUALITY
R_PPDM_ROW_QUALITY,ROW_QUALITY_ID,R_VOLUME_METHOD,ROW_QUALITY
R_SOURCE,SOURCE,R_WASTE_HAZARD_TYPE,SOURCE
R_SOURCE,SOURCE,R_WASTE_ORIGIN,SOURCE
R_PPDM_ROW_QUALITY,ROW_QUALITY_ID,R_WELL_ACTIVITY_CAUSE,ROW_QUALITY
R_PPDM_ROW_QUALITY,ROW_QUALITY_ID,R_WELL_ACT_TYPE_EQUIV,ROW_QUALITY
R_SOURCE,SOURCE,R_WELL_ALIAS_LOCATION,SOURCE
R_PPDM_ROW_QUALITY,ROW_QUALITY_ID,R_WELL_CIRC_PRESS_TYPE,ROW_QUALITY
R_PPDM_ROW_QUALITY,ROW_QUALITY_ID,R_WELL_COMPONENT_TYPE,ROW_QUALITY
R_SOURCE,SOURCE,R_WELL_LEVEL_TYPE,SOURCE
R_PPDM_ROW_QUALITY,ROW_QUALITY_ID,R_WELL_QUALIFIC_TYPE,ROW_QUALITY
R_SOURCE,SOURCE,R_WELL_REF_VALUE_TYPE,SOURCE
R_PPDM_ROW_QUALITY,ROW_QUALITY_ID,R_WELL_RELATIONSHIP,ROW_QUALITY
R_WELL_SERVICE_METRIC,SERVICE_METRIC,R_WELL_SERV_METRIC_CODE,SERVICE_METRIC
R_SOURCE,SOURCE,R_WO_DELIVERY_TYPE,SOURCE
R_SOURCE,SOURCE,R_ACTIVITY_SET_TYPE,SOURCE
R_SOURCE,SOURCE,R_ADDITIVE_TYPE,SOURCE
R_SOURCE,SOURCE,R_ALIAS_TYPE,SOURCE
PPDM_PROPERTY_SET,PROPERTY_SET_ID,R_ANALYSIS_PROPERTY,PROPERTY_SET_ID
R_PPDM_ROW_QUALITY,ROW_QUALITY_ID,R_AOF_ANALYSIS_TYPE,ROW_QUALITY
R_SOURCE,SOURCE,R_AOF_CALC_METHOD,SOURCE
R_PPDM_ROW_QUALITY,ROW_QUALITY_ID,R_APPLICATION_COMP_TYPE,ROW_QUALITY
R_SOURCE,SOURCE,R_AUTHOR_TYPE,SOURCE
R_SOURCE,SOURCE,R_BA_AUTHORITY_COMP_TYPE,SOURCE
R_PPDM_ROW_QUALITY,ROW_QUALITY_ID,R_BA_COMPONENT_TYPE,ROW_QUALITY
R_INST_DETAIL_TYPE,INSTRUMENT_DETAIL_TYPE,R_BA_DESC_CODE,BA_DESC_TYPE
R_PPDM_ROW_QUALITY,ROW_QUALITY_ID,R_BA_DESC_REF_VALUE,ROW_QUALITY
R_SOURCE,SOURCE,R_BA_DESC_REF_VALUE,SOURCE
R_PPDM_ROW_QUALITY,ROW_QUALITY_ID,R_BA_DESC_TYPE,ROW_QUALITY
R_PPDM_ROW_QUALITY,ROW_QUALITY_ID,R_BA_ORGANIZATION_COMP_TYPE,ROW_QUALITY
R_PPDM_ROW_QUALITY,ROW_QUALITY_ID,R_BH_PRESS_TEST_TYPE,ROW_QUALITY
R_PPDM_ROW_QUALITY,ROW_QUALITY_ID,R_BIT_CUT_STRUCT_DULL,ROW_QUALITY
R_SOURCE,SOURCE,R_BIT_CUT_STRUCT_LOC,SOURCE
PPDM_PROPERTY_SET,PROPERTY_SET_ID,R_CAT_EQUIP_SPEC,PROPERTY_SET_ID
R_CAT_EQUIP_SPEC,SPEC_TYPE,R_CAT_EQUIP_SPEC_CODE,SPEC_TYPE
PPDM_PROPERTY_SET,PROPERTY_SET_ID,R_CLASS_DESC_PROPERTY,PROPERTY_SET_ID
R_SOURCE,SOURCE,R_CLIMATE,SOURCE
R_PPDM_ROW_QUALITY,ROW_QUALITY_ID,R_CLIMATE,ROW_QUALITY
R_PPDM_ROW_QUALITY,ROW_QUALITY_ID,R_COLLAR_TYPE,ROW_QUALITY
R_SOURCE,SOURCE,R_COLOR_PALETTE,SOURCE
R_PPDM_ROW_QUALITY,ROW_QUALITY_ID,R_COMPLETION_STATUS_TYPE,ROW_QUALITY
R_SOURCE,SOURCE,R_COMPLETION_STATUS_TYPE,SOURCE
R_PPDM_ROW_QUALITY,ROW_QUALITY_ID,R_CONSULT_DISC_TYPE,ROW_QUALITY
R_SOURCE,SOURCE,R_CONSULT_DISC_TYPE,SOURCE
R_SOURCE,SOURCE,R_CONSULT_TYPE,SOURCE
R_PPDM_ROW_QUALITY,ROW_QUALITY_ID,R_CONTEST_RESOLUTION,ROW_QUALITY
R_PPDM_ROW_QUALITY,ROW_QUALITY_ID,R_CONTEST_TYPE,ROW_QUALITY
R_SOURCE,SOURCE,R_CONT_EXTEND_TYPE,SOURCE
R_SOURCE,SOURCE,R_CONT_INSUR_ELECT,SOURCE
R_SOURCE,SOURCE,R_CONT_STATUS_TYPE,SOURCE
R_PPDM_ROW_QUALITY,ROW_QUALITY_ID,R_CONT_XREF_TYPE,ROW_QUALITY
R_SOURCE,SOURCE,R_CONT_XREF_TYPE,SOURCE
R_PPDM_ROW_QUALITY,ROW_QUALITY_ID,R_COORD_COMPUTE,ROW_QUALITY
R_SOURCE,SOURCE,R_COORD_COMPUTE,SOURCE
R_PPDM_ROW_QUALITY,ROW_QUALITY_ID,R_CORRECTION_METHOD,ROW_QUALITY
R_PPDM_ROW_QUALITY,ROW_QUALITY_ID,R_CURVE_XREF_TYPE,ROW_QUALITY
R_SOURCE,SOURCE,R_CURVE_XREF_TYPE,SOURCE
R_PPDM_ROW_QUALITY,ROW_QUALITY_ID,R_CUTTING_FLUID,ROW_QUALITY
R_PPDM_ROW_QUALITY,ROW_QUALITY_ID,R_DATA_CIRC_STATUS,ROW_QUALITY
R_SOURCE,SOURCE,R_DATE_FORMAT_TYPE,SOURCE
R_PPDM_ROW_QUALITY,ROW_QUALITY_ID,R_DECRYPT_TYPE,ROW_QUALITY
R_SOURCE,SOURCE,R_DEDUCT_TYPE,SOURCE
R_SOURCE,SOURCE,R_DIGITAL_OUTPUT,SOURCE
R_PPDM_ROW_QUALITY,ROW_QUALITY_ID,R_DIRECTION,ROW_QUALITY
R_PPDM_ROW_QUALITY,ROW_QUALITY_ID,R_DIR_SRVY_POINT_TYPE,ROW_QUALITY
R_SOURCE,SOURCE,R_DIR_SRVY_TYPE,SOURCE
R_SOURCE,SOURCE,R_DIST_REF_PT,SOURCE
R_SOURCE,SOURCE,R_DRILLING_MEDIA,SOURCE
R_SOURCE,SOURCE,R_DRILL_ASSEMBLY_COMP,SOURCE
R_PPDM_ROW_QUALITY,ROW_QUALITY_ID,R_DRILL_STAT_CODE,ROW_QUALITY
PPDM_PROPERTY_SET,PROPERTY_SET_ID,R_DRILL_STAT_TYPE,PROPERTY_SET_ID
PPDM_PROPERTY_SET,PROPERTY_SET_ID,R_ECONOMIC_SCHEDULE,PROPERTY_SET_ID
R_SOURCE,SOURCE,R_ECOZONE_TYPE,SOURCE
R_SOURCE,SOURCE,R_ENHANCED_REC_TYPE,SOURCE
R_PPDM_ROW_QUALITY,ROW_QUALITY_ID,R_ENT_COMPONENT_TYPE,ROW_QUALITY
R_PPDM_ROW_QUALITY,ROW_QUALITY_ID,R_ENT_EXPIRY_ACTION,ROW_QUALITY
R_PPDM_ROW_QUALITY,ROW_QUALITY_ID,R_ENT_SEC_GROUP_XREF,ROW_QUALITY
R_PPDM_ROW_QUALITY,ROW_QUALITY_ID,R_ENVIRONMENT,ROW_QUALITY
R_PPDM_ROW_QUALITY,ROW_QUALITY_ID,R_EQUIP_BA_ROLE_TYPE,ROW_QUALITY
PPDM_PROPERTY_SET,PROPERTY_SET_ID,R_EQUIP_SPEC,PROPERTY_SET_ID
R_SOURCE,SOURCE,R_EQUIP_SPEC_REF_TYPE,SOURCE
R_EQUIP_STATUS_TYPE,STATUS_TYPE,R_EQUIP_STATUS,STATUS_TYPE
R_PPDM_ROW_QUALITY,ROW_QUALITY_ID,R_EQUIP_USE_STAT_TYPE,ROW_QUALITY
R_PPDM_ROW_QUALITY,ROW_QUALITY_ID,R_EQUIP_XREF_TYPE,ROW_QUALITY
R_PPDM_ROW_QUALITY,ROW_QUALITY_ID,R_EW_DIRECTION,ROW_QUALITY
R_PPDM_ROW_QUALITY,ROW_QUALITY_ID,R_EW_START_LINE,ROW_QUALITY
R_PPDM_ROW_QUALITY,ROW_QUALITY_ID,R_FACILITY_COMP_TYPE,ROW_QUALITY
R_SOURCE,SOURCE,R_FACILITY_SPEC_CODE,SOURCE
R_PPDM_ROW_QUALITY,ROW_QUALITY_ID,R_FACILITY_XREF_TYPE,ROW_QUALITY
R_SOURCE,SOURCE,R_FACILITY_XREF_TYPE,SOURCE
R_SOURCE,SOURCE,R_FAC_LIC_COND,SOURCE
R_SOURCE,SOURCE,R_FAC_MAINTAIN_TYPE,SOURCE
R_FAC_MAINT_STATUS_TYPE,MAINTAIN_STATUS_TYPE,R_FAC_MAINT_STATUS,MAINTAIN_STATUS_TYPE
R_PPDM_ROW_QUALITY,ROW_QUALITY_ID,R_FIN_COST_TYPE,ROW_QUALITY
R_SOURCE,SOURCE,R_FIN_COST_TYPE,SOURCE
R_PPDM_ROW_QUALITY,ROW_QUALITY_ID,R_FIN_STATUS,ROW_QUALITY
R_SOURCE,SOURCE,R_FOS_TAXON_GROUP,SOURCE
R_PPDM_ROW_QUALITY,ROW_QUALITY_ID,R_FOS_XREF,ROW_QUALITY
R_SOURCE,SOURCE,R_HOLE_CONDITION,SOURCE
R_PPDM_ROW_QUALITY,ROW_QUALITY_ID,R_HSE_RESPONSE_TYPE,ROW_QUALITY
R_PPDM_ROW_QUALITY,ROW_QUALITY_ID,R_INCIDENT_CAUSE_CODE,ROW_QUALITY
R_INCIDENT_CAUSE_TYPE,CAUSE_TYPE,R_INCIDENT_CAUSE_CODE,CAUSE_TYPE
R_SOURCE,SOURCE,R_INCIDENT_CAUSE_TYPE,SOURCE
R_PPDM_ROW_QUALITY,ROW_QUALITY_ID,R_INCIDENT_SUBSTANCE,ROW_QUALITY
R_PPDM_ROW_QUALITY,ROW_QUALITY_ID,R_INCIDENT_SUBST_ROLE,ROW_QUALITY
PPDM_PROPERTY_SET,PROPERTY_SET_ID,R_INST_DETAIL_TYPE,PROPERTY_SET_ID
R_PPDM_ROW_QUALITY,ROW_QUALITY_ID,R_INTERP_ORIGIN_TYPE,ROW_QUALITY
R_SOURCE,SOURCE,R_INT_SET_COMPONENT,SOURCE
R_SOURCE,SOURCE,R_INT_SET_STATUS,SOURCE
R_SOURCE,SOURCE,R_INT_SET_XREF_TYPE,SOURCE
R_SOURCE,SOURCE,R_INV_MATERIAL_TYPE,SOURCE
R_PPDM_ROW_QUALITY,ROW_QUALITY_ID,R_LAND_ACQTN_METHOD,ROW_QUALITY
R_PPDM_ROW_QUALITY,ROW_QUALITY_ID,R_LAND_BIDDER_TYPE,ROW_QUALITY
R_PPDM_ROW_QUALITY,ROW_QUALITY_ID,R_LAND_COMPONENT_TYPE,ROW_QUALITY
R_SOURCE,SOURCE,R_LAND_REF_NUM_TYPE,SOURCE
R_PPDM_ROW_QUALITY,ROW_QUALITY_ID,R_LAND_REQ_STATUS,ROW_QUALITY
R_SOURCE,SOURCE,R_LAND_RIGHT_STATUS,SOURCE
R_PPDM_ROW_QUALITY,ROW_QUALITY_ID,R_LAND_STATUS_TYPE,ROW_QUALITY
R_SOURCE,SOURCE,R_LAND_TRACT_TYPE,SOURCE
R_PPDM_ROW_QUALITY,ROW_QUALITY_ID,R_LANGUAGE,ROW_QUALITY
R_SOURCE,SOURCE,R_LEGAL_SURVEY_TYPE,SOURCE
R_PPDM_ROW_QUALITY,ROW_QUALITY_ID,R_LICENSE_STATUS,ROW_QUALITY
R_SOURCE,SOURCE,R_LITH_BOUNDARY_TYPE,SOURCE
R_PPDM_ROW_QUALITY,ROW_QUALITY_ID,R_LITH_COLLECT_METHOD,ROW_QUALITY
R_PPDM_ROW_QUALITY,ROW_QUALITY_ID,R_LITH_CONSOLIDATION,ROW_QUALITY
R_PPDM_ROW_QUALITY,ROW_QUALITY_ID,R_LITH_DISTRIBUTION,ROW_QUALITY
R_PPDM_ROW_QUALITY,ROW_QUALITY_ID,R_LITH_LOG_TYPE,ROW_QUALITY
R_PPDM_ROW_QUALITY,ROW_QUALITY_ID,R_LITH_OIL_STAIN,ROW_QUALITY
R_SOURCE,SOURCE,R_LITH_PATTERN_CODE,SOURCE
R_PPDM_ROW_QUALITY,ROW_QUALITY_ID,R_LITH_ROUNDING,ROW_QUALITY
R_SOURCE,SOURCE,R_LITH_SCALE_SCHEME,SOURCE
R_SOURCE,SOURCE,R_LITH_SORTING,SOURCE
R_SOURCE,SOURCE,R_LITH_SOURCE,SOURCE
R_PPDM_ROW_QUALITY,ROW_QUALITY_ID,R_LOCATION_QUALIFIER,ROW_QUALITY
R_PPDM_ROW_QUALITY,ROW_QUALITY_ID,R_LOG_CORRECT_METHOD,ROW_QUALITY
R_PPDM_ROW_QUALITY,ROW_QUALITY_ID,R_LOG_DEPTH_TYPE,ROW_QUALITY
R_SOURCE,SOURCE,R_LOG_DIRECTION,SOURCE
R_PPDM_ROW_QUALITY,ROW_QUALITY_ID,R_LOG_MATRIX,ROW_QUALITY
R_PPDM_ROW_QUALITY,ROW_QUALITY_ID,R_LOG_TOOL_TYPE,ROW_QUALITY
R_SOURCE,SOURCE,R_LR_SIZE_TYPE,SOURCE
R_SOURCE,SOURCE,R_MBAL_COMPRESS_TYPE,SOURCE
R_PPDM_ROW_QUALITY,ROW_QUALITY_ID,R_MISC_DATA_TYPE,ROW_QUALITY
R_PPDM_ROW_QUALITY,ROW_QUALITY_ID,R_MUD_PROPERTY_CODE,ROW_QUALITY
R_SOURCE,SOURCE,R_MUD_PROPERTY_TYPE,SOURCE
R_PPDM_ROW_QUALITY,ROW_QUALITY_ID,R_NORTH,ROW_QUALITY
R_PPDM_ROW_QUALITY,ROW_QUALITY_ID,R_NOTIFICATION_COMP_TYPE,ROW_QUALITY
R_SOURCE,SOURCE,R_NOTIFICATION_TYPE,SOURCE
R_PPDM_ROW_QUALITY,ROW_QUALITY_ID,R_NS_START_LINE,ROW_QUALITY
R_PPDM_ROW_QUALITY,ROW_QUALITY_ID,R_OBLIG_PAY_RESP,ROW_QUALITY
R_SOURCE,SOURCE,R_OBLIG_TYPE,SOURCE
R_SOURCE,SOURCE,R_OFFSHORE_AREA_CODE,SOURCE
R_PPDM_ROW_QUALITY,ROW_QUALITY_ID,R_ONTOGENY_TYPE,ROW_QUALITY
R_SOURCE,SOURCE,R_PALEO_TYPE_FOSSIL,SOURCE
R_PPDM_ROW_QUALITY,ROW_QUALITY_ID,R_PAY_RATE_TYPE,ROW_QUALITY
R_PDEN_STATUS_TYPE,PDEN_STATUS_TYPE,R_PDEN_STATUS,PDEN_STATUS_TYPE
R_SOURCE,SOURCE,R_PDEN_STATUS_TYPE,SOURCE
R_PPDM_ROW_QUALITY,ROW_QUALITY_ID,R_PICK_QUALITY,ROW_QUALITY
R_SOURCE,SOURCE,R_PICK_QUALITY,SOURCE
R_PPDM_ROW_QUALITY,ROW_QUALITY_ID,R_PLATFORM_TYPE,ROW_QUALITY
R_PPDM_ROW_QUALITY,ROW_QUALITY_ID,R_POOL_STATUS,ROW_QUALITY
R_SOURCE,SOURCE,R_POOL_STATUS,SOURCE
R_PPDM_ROW_QUALITY,ROW_QUALITY_ID,R_PPDM_DATA_TYPE,ROW_QUALITY
R_SOURCE,SOURCE,R_PPDM_INDEX_CATEGORY,SOURCE
PPDM_PROPERTY_SET,PROPERTY_SET_ID,R_PPDM_MAP_RULE_TYPE,PROPERTY_SET_ID
R_PPDM_ROW_QUALITY,ROW_QUALITY_ID,R_PPDM_METRIC_CODE,ROW_QUALITY
R_SOURCE,SOURCE,R_PPDM_METRIC_COMP_TYPE,SOURCE
R_SOURCE,SOURCE,R_PPDM_METRIC_REF_VALUE,SOURCE
R_SOURCE,SOURCE,R_PPDM_METRIC_TYPE,SOURCE
R_SOURCE,SOURCE,R_PPDM_OBJECT_STATUS,SOURCE
R_PPDM_ROW_QUALITY,ROW_QUALITY_ID,R_PPDM_OWNER_ROLE,ROW_QUALITY
R_SOURCE,SOURCE,R_PPDM_QC_TYPE,SOURCE
R_SOURCE,SOURCE,R_PPDM_RDBMS,SOURCE
R_PPDM_ROW_QUALITY,ROW_QUALITY_ID,R_PPDM_ROW_QUALITY,ROW_QUALITY
R_PPDM_ROW_QUALITY,ROW_QUALITY_ID,R_PPDM_RULE_CLASS,ROW_QUALITY
R_SOURCE,SOURCE,R_PPDM_RULE_CLASS,SOURCE
PPDM_PROPERTY_SET,PROPERTY_SET_ID,R_PPDM_RULE_DETAIL_TYPE,PROPERTY_SET_ID
R_PPDM_ROW_QUALITY,ROW_QUALITY_ID,R_PPDM_RULE_XREF_COND,ROW_QUALITY
R_PPDM_ROW_QUALITY,ROW_QUALITY_ID,R_PPDM_RULE_XREF_TYPE,ROW_QUALITY
R_PPDM_ROW_QUALITY,ROW_QUALITY_ID,R_PPDM_UOM_ALIAS_TYPE,ROW_QUALITY
R_SOURCE,SOURCE,R_PROD_STRING_STATUS,SOURCE
R_SOURCE,SOURCE,R_PROD_STRING_TYPE,SOURCE
R_PROD_STR_FM_STAT_TYPE,STATUS_TYPE,R_PROD_STR_FM_STATUS,STATUS_TYPE
R_SOURCE,SOURCE,R_PROJECTION_TYPE,SOURCE
R_SOURCE,SOURCE,R_PROJECT_ALIAS_TYPE,SOURCE
R_PPDM_ROW_QUALITY,ROW_QUALITY_ID,R_PROJECT_BA_ROLE,ROW_QUALITY
R_PPDM_ROW_QUALITY,ROW_QUALITY_ID,R_PROJECT_COMP_REASON,ROW_QUALITY
R_PPDM_ROW_QUALITY,ROW_QUALITY_ID,R_PROJ_STEP_TYPE,ROW_QUALITY
R_PPDM_ROW_QUALITY,ROW_QUALITY_ID,R_PROJ_STEP_XREF_TYPE,ROW_QUALITY
R_SOURCE,SOURCE,R_PROPPANT_TYPE,SOURCE
R_PPDM_ROW_QUALITY,ROW_QUALITY_ID,R_PROPPANT_TYPE,ROW_QUALITY
R_SOURCE,SOURCE,R_PUBLICATION_NAME,SOURCE
R_PPDM_ROW_QUALITY,ROW_QUALITY_ID,R_RATE_SCHED_XREF,ROW_QUALITY
R_PPDM_ROW_QUALITY,ROW_QUALITY_ID,R_RATE_TYPE,ROW_QUALITY
R_SOURCE,SOURCE,R_REPEAT_STRAT_TYPE,SOURCE
R_SOURCE,SOURCE,R_RESENT_REV_CAT,SOURCE
R_SOURCE,SOURCE,R_REST_REMARK,SOURCE
R_PPDM_ROW_QUALITY,ROW_QUALITY_ID,R_REST_TYPE,ROW_QUALITY
R_PPDM_ROW_QUALITY,ROW_QUALITY_ID,R_RETENTION_PERIOD,ROW_QUALITY
R_PPDM_ROW_QUALITY,ROW_QUALITY_ID,R_RIG_BLOWOUT_PREVENTER,ROW_QUALITY
R_PPDM_ROW_QUALITY,ROW_QUALITY_ID,R_RIG_MAST,ROW_QUALITY
R_SOURCE,SOURCE,R_RIG_PUMP_FUNCTION,SOURCE
R_PPDM_ROW_QUALITY,ROW_QUALITY_ID,R_RMII_DEFICIENCY,ROW_QUALITY
PPDM_PROPERTY_SET,PROPERTY_SET_ID,R_RMII_METADATA_TYPE,PROPERTY_SET_ID
R_PPDM_ROW_QUALITY,ROW_QUALITY_ID,R_RMII_STATUS,ROW_QUALITY
R_RMII_STATUS_TYPE,STATUS_TYPE,R_RMII_STATUS,STATUS_TYPE
R_SOURCE,SOURCE,R_ROYALTY_TYPE,SOURCE
R_PPDM_ROW_QUALITY,ROW_QUALITY_ID,R_SALINITY_TYPE,ROW_QUALITY
R_PPDM_ROW_QUALITY,ROW_QUALITY_ID,R_SEISMIC_PATH,ROW_QUALITY
R_PPDM_ROW_QUALITY,ROW_QUALITY_ID,R_SEIS_BIN_METHOD,ROW_QUALITY
R_PPDM_ROW_QUALITY,ROW_QUALITY_ID,R_SEIS_ENERGY_TYPE,ROW_QUALITY
R_PPDM_ROW_QUALITY,ROW_QUALITY_ID,R_SEIS_INSP_COMPONENT_TYPE,ROW_QUALITY
R_SOURCE,SOURCE,R_SEIS_INSP_COMPONENT_TYPE,SOURCE
R_PPDM_ROW_QUALITY,ROW_QUALITY_ID,R_SEIS_LIC_COND_CODE,ROW_QUALITY
R_PPDM_ROW_QUALITY,ROW_QUALITY_ID,R_SEIS_PARM_ORIGIN,ROW_QUALITY
R_PPDM_ROW_QUALITY,ROW_QUALITY_ID,R_SEIS_PROC_COMP_TYPE,ROW_QUALITY
R_PPDM_ROW_QUALITY,ROW_QUALITY_ID,R_SEIS_RCRD_MAKE,ROW_QUALITY
R_SOURCE,SOURCE,R_SEIS_REF_NUM_TYPE,SOURCE
R_PPDM_ROW_QUALITY,ROW_QUALITY_ID,R_SF_DOCK_TYPE,ROW_QUALITY
R_PPDM_ROW_QUALITY,ROW_QUALITY_ID,R_SF_ROAD_TYPE,ROW_QUALITY
R_SOURCE,SOURCE,R_SF_ROAD_TYPE,SOURCE
R_SOURCE,SOURCE,R_SF_TOWER_TYPE,SOURCE
R_PPDM_ROW_QUALITY,ROW_QUALITY_ID,R_SF_VESSEL_ROLE,ROW_QUALITY
R_PPDM_ROW_QUALITY,ROW_QUALITY_ID,R_SF_VESSEL_TYPE,ROW_QUALITY
R_PPDM_ROW_QUALITY,ROW_QUALITY_ID,R_STORE_STATUS,ROW_QUALITY
R_SOURCE,SOURCE,R_STRAT_ACQTN_METHOD,SOURCE
R_PPDM_ROW_QUALITY,ROW_QUALITY_ID,R_STRAT_COL_XREF_TYPE,ROW_QUALITY
R_PPDM_ROW_QUALITY,ROW_QUALITY_ID,R_STRAT_EQUIV_DIRECT,ROW_QUALITY
R_SOURCE,SOURCE,R_STRAT_TOPO_RELATION,SOURCE
R_SOURCE,SOURCE,R_STREAMER_COMP,SOURCE
R_PPDM_ROW_QUALITY,ROW_QUALITY_ID,R_TIMEZONE,ROW_QUALITY
R_PPDM_ROW_QUALITY,ROW_QUALITY_ID,R_TRACE_HEADER_WORD,ROW_QUALITY
R_PPDM_ROW_QUALITY,ROW_QUALITY_ID,R_VESSEL_REFERENCE,ROW_QUALITY
R_SOURCE,SOURCE,R_WASTE_FACILITY_TYPE,SOURCE
R_PPDM_ROW_QUALITY,ROW_QUALITY_ID,R_WASTE_MATERIAL,ROW_QUALITY
PPDM_UNIT_OF_MEASURE,UOM_ID,R_WASTE_MATERIAL,PREFERRED_UOM
R_SOURCE,SOURCE,R_WATER_CONDITION,SOURCE
R_PPDM_ROW_QUALITY,ROW_QUALITY_ID,R_WEATHER_CONDITION,ROW_QUALITY
R_PPDM_ROW_QUALITY,ROW_QUALITY_ID,R_WELL_CLASS,ROW_QUALITY
R_SOURCE,SOURCE,R_WELL_DATUM_TYPE,SOURCE
R_PPDM_ROW_QUALITY,ROW_QUALITY_ID,R_WELL_DRILL_OP_TYPE,ROW_QUALITY
R_SOURCE,SOURCE,R_WELL_DRILL_OP_TYPE,SOURCE
PPDM_PROPERTY_SET,PROPERTY_SET_ID,R_WELL_LIC_COND,PROPERTY_SET_ID
R_PPDM_ROW_QUALITY,ROW_QUALITY_ID,R_WELL_LIC_VIOL_TYPE,ROW_QUALITY
R_PPDM_ROW_QUALITY,ROW_QUALITY_ID,R_WELL_NODE_PICK_METHOD,ROW_QUALITY
R_SOURCE,SOURCE,R_WELL_QUALIFIC_TYPE,SOURCE
R_SOURCE,SOURCE,R_WELL_STATUS,SOURCE
R_WELL_STATUS_TYPE,STATUS_TYPE,R_WELL_STATUS,STATUS_TYPE
R_SOURCE,SOURCE,R_WELL_XREF_TYPE,SOURCE
R_PPDM_ROW_QUALITY,ROW_QUALITY_ID,R_WELL_ZONE_INT_VALUE,ROW_QUALITY
R_PPDM_ROW_QUALITY,ROW_QUALITY_ID,R_WO_CONDITION,ROW_QUALITY
R_PPDM_ROW_QUALITY,ROW_QUALITY_ID,R_WO_INSTRUCTION,ROW_QUALITY
R_PPDM_ROW_QUALITY,ROW_QUALITY_ID,R_WO_XREF_TYPE,ROW_QUALITY
R_SOURCE,SOURCE,R_APPLIC_DECISION,SOURCE
R_SOURCE,SOURCE,R_APPLIC_DESC,SOURCE
R_SOURCE,SOURCE,R_APPLIC_STATUS,SOURCE
R_SOURCE,SOURCE,R_APPLIC_TYPE,SOURCE
R_SOURCE,SOURCE,R_AUTHORITY_TYPE,SOURCE
R_SOURCE,SOURCE,R_BA_CATEGORY,SOURCE
R_PPDM_ROW_QUALITY,ROW_QUALITY_ID,R_BA_DESC_CODE,ROW_QUALITY
R_BA_DESC_TYPE,BA_DESC_TYPE,R_BA_DESC_CODE,BA_DESC_TYPE
R_PPDM_ROW_QUALITY,ROW_QUALITY_ID,R_BA_STATUS,ROW_QUALITY
R_SOURCE,SOURCE,R_BA_STATUS,SOURCE
R_PPDM_ROW_QUALITY,ROW_QUALITY_ID,R_BA_TYPE,ROW_QUALITY
R_PPDM_ROW_QUALITY,ROW_QUALITY_ID,R_BIT_BEARING_CONDITION,ROW_QUALITY
R_PPDM_ROW_QUALITY,ROW_QUALITY_ID,R_BIT_CUT_STRUCT_LOC,ROW_QUALITY
R_PPDM_ROW_QUALITY,ROW_QUALITY_ID,R_BIT_REASON_PULLED,ROW_QUALITY
R_SOURCE,SOURCE,R_CAT_EQUIP_GROUP,SOURCE
R_PPDM_ROW_QUALITY,ROW_QUALITY_ID,R_CAT_EQUIP_SPEC,ROW_QUALITY
R_SOURCE,SOURCE,R_CAT_EQUIP_SPEC_CODE,SOURCE
R_PPDM_ROW_QUALITY,ROW_QUALITY_ID,R_CAT_EQUIP_TYPE,ROW_QUALITY
R_PPDM_ROW_QUALITY,ROW_QUALITY_ID,R_CEMENT_TYPE,ROW_QUALITY
R_SOURCE,SOURCE,R_CEMENT_TYPE,SOURCE
R_PPDM_ROW_QUALITY,ROW_QUALITY_ID,R_CODE_VERSION_XREF_TYPE,ROW_QUALITY
R_SOURCE,SOURCE,R_COLLAR_TYPE,SOURCE
R_SOURCE,SOURCE,R_COLOR_FORMAT,SOURCE
R_SOURCE,SOURCE,R_COMPLETION_METHOD,SOURCE
R_PPDM_ROW_QUALITY,ROW_QUALITY_ID,R_COMPLETION_TYPE,ROW_QUALITY
R_CONSENT_TYPE,CONSENT_TYPE,R_CONSENT_CONDITION,CONSENT_TYPE
R_PPDM_ROW_QUALITY,ROW_QUALITY_ID,R_CONSULT_REASON,ROW_QUALITY
R_PPDM_ROW_QUALITY,ROW_QUALITY_ID,R_CONSULT_TYPE,ROW_QUALITY
R_SOURCE,SOURCE,R_CONTACT_ROLE,SOURCE
R_SOURCE,SOURCE,R_CONTEST_COMP_TYPE,SOURCE
R_PPDM_ROW_QUALITY,ROW_QUALITY_ID,R_CONT_COMP_REASON,ROW_QUALITY
R_PPDM_ROW_QUALITY,ROW_QUALITY_ID,R_CONT_EXTEND_COND,ROW_QUALITY
R_PPDM_ROW_QUALITY,ROW_QUALITY_ID,R_CONT_EXTEND_TYPE,ROW_QUALITY
R_PPDM_ROW_QUALITY,ROW_QUALITY_ID,R_CONT_STATUS,ROW_QUALITY
R_SOURCE,SOURCE,R_CORRECTION_METHOD,SOURCE
R_SOURCE,SOURCE,R_CS_TRANSFORM_PARM,SOURCE
R_PPDM_ROW_QUALITY,ROW_QUALITY_ID,R_DATA_STORE_TYPE,ROW_QUALITY
R_PPDM_ROW_QUALITY,ROW_QUALITY_ID,R_DATUM_ORIGIN,ROW_QUALITY
R_SOURCE,SOURCE,R_DECLINE_CURVE_TYPE,SOURCE
R_PPDM_ROW_QUALITY,ROW_QUALITY_ID,R_DIR_SRVY_TYPE,ROW_QUALITY
R_PPDM_ROW_QUALITY,ROW_QUALITY_ID,R_DIST_REF_PT,ROW_QUALITY
R_PPDM_ROW_QUALITY,ROW_QUALITY_ID,R_DOCUMENT_TYPE,ROW_QUALITY
R_PPDM_ROW_QUALITY,ROW_QUALITY_ID,R_DRILL_BIT_DETAIL_TYPE,ROW_QUALITY
R_PPDM_ROW_QUALITY,ROW_QUALITY_ID,R_DRILL_STAT_TYPE,ROW_QUALITY
R_PPDM_ROW_QUALITY,ROW_QUALITY_ID,R_EMPLOYEE_POSITION,ROW_QUALITY
R_SOURCE,SOURCE,R_EMPLOYEE_STATUS,SOURCE
R_PPDM_ROW_QUALITY,ROW_QUALITY_ID,R_ENCODING_TYPE,ROW_QUALITY
R_SOURCE,SOURCE,R_ENCODING_TYPE,SOURCE
R_SOURCE,SOURCE,R_ENT_ACCESS_TYPE,SOURCE
R_SOURCE,SOURCE,R_ENT_COMPONENT_TYPE,SOURCE
R_SOURCE,SOURCE,R_ENT_EXPIRY_ACTION,SOURCE
R_SOURCE,SOURCE,R_ENT_SEC_GROUP_TYPE,SOURCE
R_PPDM_ROW_QUALITY,ROW_QUALITY_ID,R_EQUIP_MAINT_REASON,ROW_QUALITY
R_PPDM_ROW_QUALITY,ROW_QUALITY_ID,R_EQUIP_MAINT_STAT_TYPE,ROW_QUALITY
R_SOURCE,SOURCE,R_EQUIP_MAINT_STAT_TYPE,SOURCE
R_SOURCE,SOURCE,R_EQUIP_SPEC,SOURCE
R_PPDM_ROW_QUALITY,ROW_QUALITY_ID,R_EQUIP_SYSTEM_CONDITION,ROW_QUALITY
PPDM_PROPERTY_SET,PROPERTY_SET_ID,R_EQUIP_USE_STAT_TYPE,PROPERTY_SET_ID
R_PPDM_ROW_QUALITY,ROW_QUALITY_ID,R_FACILITY_CLASS,ROW_QUALITY
R_PPDM_ROW_QUALITY,ROW_QUALITY_ID,R_FACILITY_SPEC_CODE,ROW_QUALITY
R_SOURCE,SOURCE,R_FACILITY_TYPE,SOURCE
R_PPDM_ROW_QUALITY,ROW_QUALITY_ID,R_FAC_LIC_COND,ROW_QUALITY
R_PPDM_ROW_QUALITY,ROW_QUALITY_ID,R_FAC_LIC_VIOL_RESOL,ROW_QUALITY
R_FACILITY_TYPE,FACILITY_TYPE,R_FAC_MAINTAIN_TYPE,FACILITY_TYPE
R_PPDM_ROW_QUALITY,ROW_QUALITY_ID,R_FAC_PIPE_COVER,ROW_QUALITY
R_PPDM_ROW_QUALITY,ROW_QUALITY_ID,R_FAC_SPEC_REFERENCE,ROW_QUALITY
R_SOURCE,SOURCE,R_FAC_STATUS_TYPE,SOURCE
R_SOURCE,SOURCE,R_FIELD_TYPE,SOURCE
R_PPDM_ROW_QUALITY,ROW_QUALITY_ID,R_FIN_COMPONENT_TYPE,ROW_QUALITY
R_SOURCE,SOURCE,R_FLUID_TYPE,SOURCE
R_SOURCE,SOURCE,R_FOS_ALIAS_TYPE,SOURCE
R_PPDM_ROW_QUALITY,ROW_QUALITY_ID,R_FOS_COLOR,ROW_QUALITY
R_SOURCE,SOURCE,R_FOS_DESC_TYPE,SOURCE
R_SOURCE,SOURCE,R_FOS_LIFE_HABIT,SOURCE
R_PPDM_ROW_QUALITY,ROW_QUALITY_ID,R_FOS_TAI_COLOR,ROW_QUALITY
R_PPDM_ROW_QUALITY,ROW_QUALITY_ID,R_GEOMETRY_FORMAT,ROW_QUALITY
R_PPDM_ROW_QUALITY,ROW_QUALITY_ID,R_GRANTED_RIGHT_TYPE,ROW_QUALITY
R_SOURCE,SOURCE,R_INCIDENT_CAUSE_CODE,SOURCE
R_SOURCE,SOURCE,R_INCIDENT_SUBST_ROLE,SOURCE
R_PPDM_ROW_QUALITY,ROW_QUALITY_ID,R_INFORMATION_PROCESS,ROW_QUALITY
R_PPDM_ROW_QUALITY,ROW_QUALITY_ID,R_INSP_STATUS,ROW_QUALITY
R_SOURCE,SOURCE,R_INSTRUMENT_COMP_TYPE,SOURCE
R_SOURCE,SOURCE,R_INST_DETAIL_CODE,SOURCE
R_PPDM_ROW_QUALITY,ROW_QUALITY_ID,R_INT_SET_TYPE,ROW_QUALITY
R_SOURCE,SOURCE,R_INT_SET_TYPE,SOURCE
R_RETENTION_PERIOD,RETENTION_PERIOD,R_ITEM_SUB_CATEGORY,RETENTION_PERIOD
R_SOURCE,SOURCE,R_LAND_BIDDER_TYPE,SOURCE
R_SOURCE,SOURCE,R_LAND_BID_STATUS,SOURCE
R_PPDM_ROW_QUALITY,ROW_QUALITY_ID,R_LAND_BID_TYPE,ROW_QUALITY
R_PPDM_ROW_QUALITY,ROW_QUALITY_ID,R_LAND_CASE_ACTION,ROW_QUALITY
R_SOURCE,SOURCE,R_LAND_CASE_TYPE,SOURCE
R_PPDM_ROW_QUALITY,ROW_QUALITY_ID,R_LAND_LESSOR_TYPE,ROW_QUALITY
R_PPDM_ROW_QUALITY,ROW_QUALITY_ID,R_LAND_OFFRING_STATUS,ROW_QUALITY
R_PPDM_ROW_QUALITY,ROW_QUALITY_ID,R_LAND_PROPERTY_TYPE,ROW_QUALITY
R_SOURCE,SOURCE,R_LINER_TYPE,SOURCE
R_PPDM_ROW_QUALITY,ROW_QUALITY_ID,R_LITHOLOGY,ROW_QUALITY
R_PPDM_ROW_QUALITY,ROW_QUALITY_ID,R_LITH_ABUNDANCE,ROW_QUALITY
R_PPDM_ROW_QUALITY,ROW_QUALITY_ID,R_LITH_BOUNDARY_TYPE,ROW_QUALITY
R_SOURCE,SOURCE,R_LITH_COLLECT_METHOD,SOURCE
R_SOURCE,SOURCE,R_LITH_COLOR,SOURCE
R_PPDM_ROW_QUALITY,ROW_QUALITY_ID,R_LITH_DIAGENESIS,ROW_QUALITY
R_SOURCE,SOURCE,R_LITH_LOG_COMP_TYPE,SOURCE
R_SOURCE,SOURCE,R_LITH_PREP_CLASS,SOURCE
R_SOURCE,SOURCE,R_LITH_ROCK_TYPE,SOURCE
R_PPDM_ROW_QUALITY,ROW_QUALITY_ID,R_LOCATION_QUALITY,ROW_QUALITY
R_SOURCE,SOURCE,R_LOG_CORRECT_METHOD,SOURCE
R_SOURCE,SOURCE,R_LOG_DEPTH_TYPE,SOURCE
PPDM_PROPERTY_SET,PROPERTY_SET_ID,R_LOG_INDEX_TYPE,PROPERTY_SET_ID
R_SOURCE,SOURCE,R_LR_FIELD_XREF,SOURCE
R_PPDM_ROW_QUALITY,ROW_QUALITY_ID,R_LR_SIZE_TYPE,ROW_QUALITY
R_PPDM_ROW_QUALITY,ROW_QUALITY_ID,R_L_OFFR_CANCEL_RSN,ROW_QUALITY
R_SOURCE,SOURCE,R_L_OFFR_CANCEL_RSN,SOURCE
PPDM_PROPERTY_SET,PROPERTY_SET_ID,R_MISC_DATA_CODE,PROPERTY_SET_ID
R_SOURCE,SOURCE,R_MONTH,SOURCE
PPDM_PROPERTY_SET,PROPERTY_SET_ID,R_MUD_PROPERTY_REF,PROPERTY_SET_ID
R_SOURCE,SOURCE,R_MUD_SAMPLE_TYPE,SOURCE
R_SOURCE,SOURCE,R_MUNICIPALITY,SOURCE
R_SOURCE,SOURCE,R_NODE_POSITION,SOURCE
R_PPDM_ROW_QUALITY,ROW_QUALITY_ID,R_OBLIG_REMARK_TYPE,ROW_QUALITY
R_SOURCE,SOURCE,R_OBLIG_SUSPEND_PAY,SOURCE
R_SOURCE,SOURCE,R_PALEO_IND_TYPE,SOURCE
R_SOURCE,SOURCE,R_PARCEL_TYPE,SOURCE
R_PPDM_ROW_QUALITY,ROW_QUALITY_ID,R_PDEN_XREF_TYPE,ROW_QUALITY
R_PPDM_ROW_QUALITY,ROW_QUALITY_ID,R_PERFORATION_METHOD,ROW_QUALITY
R_SOURCE,SOURCE,R_PERIOD_TYPE,SOURCE
R_PPDM_ROW_QUALITY,ROW_QUALITY_ID,R_PHYS_ITEM_GROUP_TYPE,ROW_QUALITY
R_PPDM_ROW_QUALITY,ROW_QUALITY_ID,R_PICK_QUALIF_REASON,ROW_QUALITY
R_SOURCE,SOURCE,R_PICK_QUALIF_REASON,SOURCE
R_SOURCE,SOURCE,R_PLATFORM_TYPE,SOURCE
R_PPDM_ROW_QUALITY,ROW_QUALITY_ID,R_PLOT_SYMBOL,ROW_QUALITY
R_SOURCE,SOURCE,R_POROSITY_TYPE,SOURCE
R_PPDM_ROW_QUALITY,ROW_QUALITY_ID,R_PPDM_DEFAULT_VALUE,ROW_QUALITY
R_PPDM_ROW_QUALITY,ROW_QUALITY_ID,R_PPDM_GROUP_USE,ROW_QUALITY
R_SOURCE,SOURCE,R_PPDM_METRIC_CODE,SOURCE
R_PPDM_ROW_QUALITY,ROW_QUALITY_ID,R_PPDM_METRIC_COMP_TYPE,ROW_QUALITY
R_PPDM_ROW_QUALITY,ROW_QUALITY_ID,R_PPDM_METRIC_TYPE,ROW_QUALITY
R_PPDM_ROW_QUALITY,ROW_QUALITY_ID,R_PPDM_OBJECT_STATUS,ROW_QUALITY
R_SOURCE,SOURCE,R_PPDM_OBJECT_TYPE,SOURCE
R_SOURCE,SOURCE,R_PPDM_QC_QUALITY,SOURCE
R_PPDM_ROW_QUALITY,ROW_QUALITY_ID,R_PPDM_QC_STATUS,ROW_QUALITY
R_SOURCE,SOURCE,R_PPDM_QC_STATUS,SOURCE
BUSINESS_ASSOCIATE,BUSINESS_ASSOCIATE,R_PPDM_RDBMS,VENDOR_BA_ID
R_SOURCE,SOURCE,R_PPDM_UOM_ALIAS_TYPE,SOURCE
R_PPDM_ROW_QUALITY,ROW_QUALITY_ID,R_PPDM_UOM_USAGE,ROW_QUALITY
R_PPDM_ROW_QUALITY,ROW_QUALITY_ID,R_PRESERVE_QUALITY,ROW_QUALITY
R_SOURCE,SOURCE,R_PRODUCT_COMPONENT_TYPE,SOURCE
R_STATUS_GROUP,STATUS_GROUP,R_PROD_STRING_STATUS,STATUS_GROUP
R_PPDM_ROW_QUALITY,ROW_QUALITY_ID,R_PROD_STRING_TYPE,ROW_QUALITY
R_PPDM_ROW_QUALITY,ROW_QUALITY_ID,R_PROJECT_COMP_TYPE,ROW_QUALITY
R_PPDM_ROW_QUALITY,ROW_QUALITY_ID,R_PROJECT_CONDITION,ROW_QUALITY
R_SOURCE,SOURCE,R_PROJECT_EQUIP_ROLE,SOURCE
R_PPDM_ROW_QUALITY,ROW_QUALITY_ID,R_PROJECT_TYPE,ROW_QUALITY
R_PPDM_ROW_QUALITY,ROW_QUALITY_ID,R_RATE_CONDITION,ROW_QUALITY
R_SOURCE,SOURCE,R_RATE_TYPE,SOURCE
R_PPDM_ROW_QUALITY,ROW_QUALITY_ID,R_RATIO_FLUID_TYPE,ROW_QUALITY
R_PPDM_ROW_QUALITY,ROW_QUALITY_ID,R_REMARK_TYPE,ROW_QUALITY
R_PPDM_ROW_QUALITY,ROW_QUALITY_ID,R_REMARK_USE_TYPE,ROW_QUALITY
R_PPDM_ROW_QUALITY,ROW_QUALITY_ID,R_REPORT_HIER_COMP,ROW_QUALITY
R_PPDM_ROW_QUALITY,ROW_QUALITY_ID,R_REPORT_HIER_LEVEL,ROW_QUALITY
R_SOURCE,SOURCE,R_RESENT_COMP_TYPE,SOURCE
R_PPDM_ROW_QUALITY,ROW_QUALITY_ID,R_RESENT_XREF_TYPE,ROW_QUALITY
R_SOURCE,SOURCE,R_REST_ACTIVITY,SOURCE
R_SOURCE,SOURCE,R_RIG_CATEGORY,SOURCE
R_SOURCE,SOURCE,R_RIG_CLASS,SOURCE
R_SOURCE,SOURCE,R_RIG_DESILTER_TYPE,SOURCE
R_PPDM_ROW_QUALITY,ROW_QUALITY_ID,R_RIG_PUMP,ROW_QUALITY
R_PPDM_ROW_QUALITY,ROW_QUALITY_ID,R_RIG_PUMP_FUNCTION,ROW_QUALITY
R_SOURCE,SOURCE,R_RIG_SWIVEL_TYPE,SOURCE
R_PPDM_ROW_QUALITY,ROW_QUALITY_ID,R_RMII_METADATA_CODE,ROW_QUALITY
R_PPDM_ROW_QUALITY,ROW_QUALITY_ID,R_RMII_QUALITY_CODE,ROW_QUALITY
R_SOURCE,SOURCE,R_RMII_STATUS,SOURCE
R_PPDM_ROW_QUALITY,ROW_QUALITY_ID,R_RMII_STATUS_TYPE,ROW_QUALITY
R_SOURCE,SOURCE,R_RMII_STATUS_TYPE,SOURCE
R_SOURCE,SOURCE,R_ROAD_CONTROL_TYPE,SOURCE
R_SOURCE,SOURCE,R_ROCK_CLASS_SCHEME,SOURCE
R_SOURCE,SOURCE,R_SAMPLE_DESC_TYPE,SOURCE
PPDM_PROPERTY_SET,PROPERTY_SET_ID,R_SAMPLE_DESC_TYPE,PROPERTY_SET_ID
R_SOURCE,SOURCE,R_SEIS_3D_TYPE,SOURCE
R_PPDM_ROW_QUALITY,ROW_QUALITY_ID,R_SEIS_AUTHORIZE_TYPE,ROW_QUALITY
R_PPDM_ROW_QUALITY,ROW_QUALITY_ID,R_SEIS_CHANNEL_TYPE,ROW_QUALITY
R_PPDM_ROW_QUALITY,ROW_QUALITY_ID,R_SEIS_RCRD_FMT_TYPE,ROW_QUALITY
R_PPDM_ROW_QUALITY,ROW_QUALITY_ID,R_SEIS_RCVR_ARRY_TYPE,ROW_QUALITY
R_SOURCE,SOURCE,R_SEIS_RECORD_TYPE,SOURCE
R_PPDM_ROW_QUALITY,ROW_QUALITY_ID,R_SEIS_SET_COMPONENT_TYPE,ROW_QUALITY
R_PPDM_ROW_QUALITY,ROW_QUALITY_ID,R_SEND_METHOD,ROW_QUALITY
R_SOURCE,SOURCE,R_SEND_METHOD,SOURCE
R_PPDM_ROW_QUALITY,ROW_QUALITY_ID,R_SERVICE_QUALITY,ROW_QUALITY
R_SOURCE,SOURCE,R_SEVERITY,SOURCE
R_SOURCE,SOURCE,R_SF_DOCK_TYPE,SOURCE
R_PPDM_ROW_QUALITY,ROW_QUALITY_ID,R_SF_ELECTRIC_TYPE,ROW_QUALITY
R_PPDM_ROW_QUALITY,ROW_QUALITY_ID,R_SF_STATUS_TYPE,ROW_QUALITY
R_PPDM_ROW_QUALITY,ROW_QUALITY_ID,R_SF_VEHICLE_TYPE,ROW_QUALITY
R_SOURCE,SOURCE,R_SF_VESSEL_TYPE,SOURCE
R_PPDM_ROW_QUALITY,ROW_QUALITY_ID,R_SOURCE,ROW_QUALITY
BUSINESS_ASSOCIATE,BUSINESS_ASSOCIATE,R_SOURCE_ORIGIN,OWNER_BA_ID
R_SOURCE,SOURCE,R_SP_ZONE_DERIV,SOURCE
R_PPDM_ROW_QUALITY,ROW_QUALITY_ID,R_STRAT_AGE_METHOD,ROW_QUALITY
R_SOURCE,SOURCE,R_STRAT_COLUMN_TYPE,SOURCE
R_SOURCE,SOURCE,R_STRAT_CORR_CRITERIA,SOURCE
R_PPDM_ROW_QUALITY,ROW_QUALITY_ID,R_STRAT_OCCURRENCE_TYPE,ROW_QUALITY
R_PPDM_ROW_QUALITY,ROW_QUALITY_ID,R_STRAT_UNIT_DESC,ROW_QUALITY
R_PPDM_ROW_QUALITY,ROW_QUALITY_ID,R_STRAT_UNIT_QUALIFIER,ROW_QUALITY
R_SOURCE,SOURCE,R_TEST_PERIOD_TYPE,SOURCE
R_SOURCE,SOURCE,R_TEST_RESULT,SOURCE
R_SOURCE,SOURCE,R_TITLE_OWN_TYPE,SOURCE
R_SOURCE,SOURCE,R_TRANS_STATUS,SOURCE
R_PPDM_ROW_QUALITY,ROW_QUALITY_ID,R_TUBING_GRADE,ROW_QUALITY
R_PPDM_ROW_QUALITY,ROW_QUALITY_ID,R_VSP_TYPE,ROW_QUALITY
R_SOURCE,SOURCE,R_WASTE_ADJUST_REASON,SOURCE
R_PPDM_ROW_QUALITY,ROW_QUALITY_ID,R_WATER_BOTTOM_ZONE,ROW_QUALITY
R_SOURCE,SOURCE,R_WATER_BOTTOM_ZONE,SOURCE
R_PPDM_ROW_QUALITY,ROW_QUALITY_ID,R_WELL_DATUM_TYPE,ROW_QUALITY
R_SOURCE,SOURCE,R_WELL_DOWNTIME_TYPE,SOURCE
R_PPDM_ROW_QUALITY,ROW_QUALITY_ID,R_WELL_FACILITY_USE_TYPE,ROW_QUALITY
R_PPDM_ROW_QUALITY,ROW_QUALITY_ID,R_WELL_LIC_COND,ROW_QUALITY
R_PPDM_ROW_QUALITY,ROW_QUALITY_ID,R_WELL_SERV_METRIC_CODE,ROW_QUALITY
R_PPDM_ROW_QUALITY,ROW_QUALITY_ID,R_WELL_TEST_TYPE,ROW_QUALITY
R_SOURCE,SOURCE,R_WELL_ZONE_INT_VALUE,SOURCE
R_SOURCE,SOURCE,R_WIND_STRENGTH,SOURCE
R_WO_TYPE,WORK_ORDER_TYPE,R_WO_CONDITION,WORK_ORDER_TYPE
R_PPDM_ROW_QUALITY,ROW_QUALITY_ID,R_WO_TYPE,ROW_QUALITY
R_PPDM_ROW_QUALITY,ROW_QUALITY_ID,R_ADDRESS_TYPE,ROW_QUALITY
R_PPDM_ROW_QUALITY,ROW_QUALITY_ID,R_ALLOCATION_TYPE,ROW_QUALITY
R_SOURCE,SOURCE,R_API_LOG_SYSTEM,SOURCE
R_SOURCE,SOURCE,R_APPLIC_BA_ROLE,SOURCE
R_PPDM_ROW_QUALITY,ROW_QUALITY_ID,R_APPLIC_DESC,ROW_QUALITY
R_APPLIC_TYPE,APPLICATION_TYPE,R_APPLIC_DESC,APPLICATION_TYPE
R_PPDM_ROW_QUALITY,ROW_QUALITY_ID,R_APPLIC_STATUS,ROW_QUALITY
R_PPDM_ROW_QUALITY,ROW_QUALITY_ID,R_AREA_CONTAIN_TYPE,ROW_QUALITY
R_SOURCE,SOURCE,R_AREA_DESC_CODE,SOURCE
R_AREA_DESC_TYPE,AREA_DESC_TYPE,R_AREA_DESC_CODE,AREA_DESC_TYPE
R_SOURCE,SOURCE,R_AREA_TYPE,SOURCE
R_PPDM_ROW_QUALITY,ROW_QUALITY_ID,R_BA_CONTACT_LOC_TYPE,ROW_QUALITY
R_PPDM_ROW_QUALITY,ROW_QUALITY_ID,R_BA_LIC_VIOLATION_TYPE,ROW_QUALITY
R_SOURCE,SOURCE,R_BA_LIC_VIOLATION_TYPE,SOURCE
R_SOURCE,SOURCE,R_BA_PREF_TYPE,SOURCE
R_SOURCE,SOURCE,R_BA_XREF_TYPE,SOURCE
R_PPDM_ROW_QUALITY,ROW_QUALITY_ID,R_BLOWOUT_FLUID,ROW_QUALITY
R_PPDM_ROW_QUALITY,ROW_QUALITY_ID,R_CAT_ADDITIVE_GROUP,ROW_QUALITY
PPDM_PROPERTY_SET,PROPERTY_SET_ID,R_CAT_ADDITIVE_SPEC,PROPERTY_SET_ID
R_SOURCE,SOURCE,R_CHECKSHOT_SRVY_TYPE,SOURCE
R_SOURCE,SOURCE,R_CLASS_DESC_PROPERTY,SOURCE
R_PPDM_ROW_QUALITY,ROW_QUALITY_ID,R_CLASS_LEV_XREF_TYPE,ROW_QUALITY
R_PPDM_ROW_QUALITY,ROW_QUALITY_ID,R_CLASS_SYST_XREF_TYPE,ROW_QUALITY
R_PPDM_ROW_QUALITY,ROW_QUALITY_ID,R_CONDITION_TYPE,ROW_QUALITY
R_SOURCE,SOURCE,R_CONFIDENTIAL_REASON,SOURCE
R_SOURCE,SOURCE,R_CONFIDENTIAL_TYPE,SOURCE
R_PPDM_ROW_QUALITY,ROW_QUALITY_ID,R_CONFORMITY_RELATION,ROW_QUALITY
R_PPDM_ROW_QUALITY,ROW_QUALITY_ID,R_CONSENT_CONDITION,ROW_QUALITY
R_SOURCE,SOURCE,R_CONSENT_STATUS,SOURCE
R_SOURCE,SOURCE,R_CONSENT_TYPE,SOURCE
R_PPDM_ROW_QUALITY,ROW_QUALITY_ID,R_CONSULT_RESOLUTION,ROW_QUALITY
R_PPDM_ROW_QUALITY,ROW_QUALITY_ID,R_CONSULT_XREF_TYPE,ROW_QUALITY
R_SOURCE,SOURCE,R_CONTEST_TYPE,SOURCE
R_SOURCE,SOURCE,R_CONTRACT_COMP_TYPE,SOURCE
R_PPDM_ROW_QUALITY,ROW_QUALITY_ID,R_CONT_OPERATING_PROC,ROW_QUALITY
R_SOURCE,SOURCE,R_CONT_PROVISION_TYPE,SOURCE
R_PPDM_ROW_QUALITY,ROW_QUALITY_ID,R_CONT_STATUS_TYPE,ROW_QUALITY
R_SOURCE,SOURCE,R_CONT_VOTE_TYPE,SOURCE
R_PPDM_ROW_QUALITY,ROW_QUALITY_ID,R_CORE_HANDLING,ROW_QUALITY
R_SOURCE,SOURCE,R_CORE_RECOVERY_TYPE,SOURCE
R_SOURCE,SOURCE,R_CORE_SAMPLE_TYPE,SOURCE
R_SOURCE,SOURCE,R_CORE_SOLVENT,SOURCE
R_PPDM_ROW_QUALITY,ROW_QUALITY_ID,R_CREATOR_TYPE,ROW_QUALITY
R_PPDM_ROW_QUALITY,ROW_QUALITY_ID,R_CS_TRANSFORM_TYPE,ROW_QUALITY
R_PPDM_ROW_QUALITY,ROW_QUALITY_ID,R_CURVE_SCALE,ROW_QUALITY
R_PPDM_ROW_QUALITY,ROW_QUALITY_ID,R_CURVE_TYPE,ROW_QUALITY
R_DECLINE_COND_TYPE,CONDITION_TYPE,R_DECLINE_COND_CODE,CONDITION_TYPE
R_PPDM_ROW_QUALITY,ROW_QUALITY_ID,R_DEDUCT_TYPE,ROW_QUALITY
R_PPDM_ROW_QUALITY,ROW_QUALITY_ID,R_DIR_SRVY_RECORD,ROW_QUALITY
R_PPDM_ROW_QUALITY,ROW_QUALITY_ID,R_DRILL_ASSEMBLY_COMP,ROW_QUALITY
R_SOURCE,SOURCE,R_ECOZONE_HIER_LEVEL,SOURCE
R_PPDM_ROW_QUALITY,ROW_QUALITY_ID,R_ECOZONE_XREF,ROW_QUALITY
R_PPDM_ROW_QUALITY,ROW_QUALITY_ID,R_ENT_ACCESS_TYPE,ROW_QUALITY
R_PPDM_ROW_QUALITY,ROW_QUALITY_ID,R_EQUIP_INSTALL_LOC,ROW_QUALITY
R_PPDM_ROW_QUALITY,ROW_QUALITY_ID,R_EQUIP_MAINT_STATUS,ROW_QUALITY
R_SOURCE,SOURCE,R_EQUIP_MAINT_STATUS,SOURCE
R_PPDM_ROW_QUALITY,ROW_QUALITY_ID,R_EQUIP_REMOVE_REASON,ROW_QUALITY
R_PPDM_ROW_QUALITY,ROW_QUALITY_ID,R_EQUIP_STATUS,ROW_QUALITY
R_SOURCE,SOURCE,R_EW_DIRECTION,SOURCE
R_SOURCE,SOURCE,R_FACILITY_COMP_TYPE,SOURCE
R_PPDM_ROW_QUALITY,ROW_QUALITY_ID,R_FACILITY_STATUS,ROW_QUALITY
PPDM_PROPERTY_SET,PROPERTY_SET_ID,R_FAC_LIC_COND,PROPERTY_SET_ID
R_SOURCE,SOURCE,R_FAC_LIC_COND_CODE,SOURCE
R_SOURCE,SOURCE,R_FAC_LIC_EXTEND_TYPE,SOURCE
R_SOURCE,SOURCE,R_FAC_LIC_VIOLATION_TYPE,SOURCE
R_SOURCE,SOURCE,R_FAC_LIC_VIOL_RESOL,SOURCE
R_PPDM_ROW_QUALITY,ROW_QUALITY_ID,R_FAC_MAINTAIN_TYPE,ROW_QUALITY
R_PPDM_ROW_QUALITY,ROW_QUALITY_ID,R_FOOTAGE_ORIGIN,ROW_QUALITY
R_SOURCE,SOURCE,R_GRANTED_RIGHT_TYPE,SOURCE
R_PPDM_ROW_QUALITY,ROW_QUALITY_ID,R_HOLE_CONDITION,ROW_QUALITY
R_PPDM_ROW_QUALITY,ROW_QUALITY_ID,R_HORIZ_DRILL_REASON,ROW_QUALITY
R_SOURCE,SOURCE,R_IMAGE_CALIBRATE_METHOD,SOURCE
R_PPDM_ROW_QUALITY,ROW_QUALITY_ID,R_IMAGE_SECTION_TYPE,ROW_QUALITY
R_SOURCE,SOURCE,R_INPUT_TYPE,SOURCE
R_PPDM_ROW_QUALITY,ROW_QUALITY_ID,R_INSP_COMP_TYPE,ROW_QUALITY
R_PPDM_ROW_QUALITY,ROW_QUALITY_ID,R_INSTRUMENT_COMP_TYPE,ROW_QUALITY
R_SOURCE,SOURCE,R_INST_DETAIL_TYPE,SOURCE
R_SOURCE,SOURCE,R_INT_SET_TRIGGER,SOURCE
R_SOURCE,SOURCE,R_ITEM_CATEGORY,SOURCE
R_SOURCE,SOURCE,R_LAND_BID_TYPE,SOURCE
R_PPDM_ROW_QUALITY,ROW_QUALITY_ID,R_LAND_REF_NUM_TYPE,ROW_QUALITY
R_PPDM_ROW_QUALITY,ROW_QUALITY_ID,R_LEGAL_SURVEY_TYPE,ROW_QUALITY
R_SOURCE,SOURCE,R_LIC_STATUS_TYPE,SOURCE
R_PPDM_ROW_QUALITY,ROW_QUALITY_ID,R_LITH_DEP_ENV,ROW_QUALITY
R_SOURCE,SOURCE,R_LITH_DEP_ENV,SOURCE
R_SOURCE,SOURCE,R_LITH_OIL_STAIN,SOURCE
R_PPDM_ROW_QUALITY,ROW_QUALITY_ID,R_LITH_PATTERN_CODE,ROW_QUALITY
R_PPDM_ROW_QUALITY,ROW_QUALITY_ID,R_LITH_ROCK_PROFILE,ROW_QUALITY
R_PPDM_ROW_QUALITY,ROW_QUALITY_ID,R_LITH_SCALE_SCHEME,ROW_QUALITY
R_PPDM_ROW_QUALITY,ROW_QUALITY_ID,R_LITH_SOURCE,ROW_QUALITY
R_PPDM_ROW_QUALITY,ROW_QUALITY_ID,R_LITH_STRUCTURE,ROW_QUALITY
R_SOURCE,SOURCE,R_LOCATION_DESC_TYPE,SOURCE
R_PPDM_ROW_QUALITY,ROW_QUALITY_ID,R_LOCATION_TYPE,ROW_QUALITY
R_PPDM_ROW_QUALITY,ROW_QUALITY_ID,R_LOG_CRV_CLASS_SYSTEM,ROW_QUALITY
R_PPDM_ROW_QUALITY,ROW_QUALITY_ID,R_MAINT_PROCESS,ROW_QUALITY
R_PPDM_ROW_QUALITY,ROW_QUALITY_ID,R_MBAL_CURVE_TYPE,ROW_QUALITY
R_SOURCE,SOURCE,R_MEASUREMENT_TYPE,SOURCE
R_SOURCE,SOURCE,R_MEASURE_TECHNIQUE,SOURCE
R_SOURCE,SOURCE,R_MISC_DATA_CODE,SOURCE
R_PPDM_ROW_QUALITY,ROW_QUALITY_ID,R_MUD_COLLECT_REASON,ROW_QUALITY
R_SOURCE,SOURCE,R_MUD_COLLECT_REASON,SOURCE
R_PPDM_ROW_QUALITY,ROW_QUALITY_ID,R_MUD_SAMPLE_TYPE,ROW_QUALITY
R_SOURCE,SOURCE,R_NS_DIRECTION,SOURCE
R_PPDM_ROW_QUALITY,ROW_QUALITY_ID,R_OBLIG_CALC_METHOD,ROW_QUALITY
R_PPDM_ROW_QUALITY,ROW_QUALITY_ID,R_OBLIG_CALC_POINT,ROW_QUALITY
R_SOURCE,SOURCE,R_OBLIG_PAY_RESP,SOURCE
R_SOURCE,SOURCE,R_OFFSHORE_COMP_TYPE,SOURCE
R_SOURCE,SOURCE,R_ONTOGENY_TYPE,SOURCE
R_PPDM_ROW_QUALITY,ROW_QUALITY_ID,R_ORIENTATION,ROW_QUALITY
R_SOURCE,SOURCE,R_ORIENTATION,SOURCE
R_SOURCE,SOURCE,R_PALEO_INTERP_TYPE,SOURCE
R_PPDM_ROW_QUALITY,ROW_QUALITY_ID,R_PARCEL_LOT_TYPE,ROW_QUALITY
R_PPDM_ROW_QUALITY,ROW_QUALITY_ID,R_PAY_DETAIL_TYPE,ROW_QUALITY
R_PPDM_ROW_QUALITY,ROW_QUALITY_ID,R_PDEN_AMEND_REASON,ROW_QUALITY
R_SOURCE,SOURCE,R_PERFORATION_TYPE,SOURCE
R_PPDM_ROW_QUALITY,ROW_QUALITY_ID,R_PERIOD_TYPE,ROW_QUALITY
R_PPDM_ROW_QUALITY,ROW_QUALITY_ID,R_PHYSICAL_PROCESS,ROW_QUALITY
R_SOURCE,SOURCE,R_PHYS_ITEM_GROUP_TYPE,SOURCE
R_SOURCE,SOURCE,R_PLOT_SYMBOL,SOURCE
R_PPDM_ROW_QUALITY,ROW_QUALITY_ID,R_PLUG_TYPE,ROW_QUALITY
R_SOURCE,SOURCE,R_POOL_COMPONENT_TYPE,SOURCE
R_SOURCE,SOURCE,R_PPDM_DEFAULT_VALUE,SOURCE
R_SOURCE,SOURCE,R_PPDM_ENFORCE_METHOD,SOURCE
R_PPDM_ROW_QUALITY,ROW_QUALITY_ID,R_PPDM_PROC_TYPE,ROW_QUALITY
R_PPDM_ROW_QUALITY,ROW_QUALITY_ID,R_PPDM_QC_QUALITY,ROW_QUALITY
R_PPDM_ROW_QUALITY,ROW_QUALITY_ID,R_PPDM_QC_TYPE,ROW_QUALITY
R_SOURCE,SOURCE,R_PPDM_RULE_USE_COND,SOURCE
R_SOURCE,SOURCE,R_PROD_STRING_COMP_TYPE,SOURCE
R_PPDM_ROW_QUALITY,ROW_QUALITY_ID,R_PUBLICATION_NAME,ROW_QUALITY
R_SOURCE,SOURCE,R_RATE_CONDITION,SOURCE
R_SOURCE,SOURCE,R_REMARK_TYPE,SOURCE
R_SOURCE,SOURCE,R_REMARK_USE_TYPE,SOURCE
R_SOURCE,SOURCE,R_REPORT_HIER_LEVEL,SOURCE
R_PPDM_ROW_QUALITY,ROW_QUALITY_ID,R_REP_HIER_ALIAS_TYPE,ROW_QUALITY
R_PPDM_ROW_QUALITY,ROW_QUALITY_ID,R_RESENT_REV_CAT,ROW_QUALITY
R_SOURCE,SOURCE,R_RESENT_XREF_TYPE,SOURCE
R_PPDM_ROW_QUALITY,ROW_QUALITY_ID,R_RIG_DESANDER_TYPE,ROW_QUALITY
R_SOURCE,SOURCE,R_RIG_GENERATOR_TYPE,SOURCE
R_SOURCE,SOURCE,R_RMII_DEFICIENCY,SOURCE
R_SOURCE,SOURCE,R_ROAD_DRIVING_SIDE,SOURCE
R_PPDM_ROW_QUALITY,ROW_QUALITY_ID,R_ROCK_CLASS_SCHEME,ROW_QUALITY
R_SOURCE,SOURCE,R_ROLL_ALONG_METHOD,SOURCE
R_PPDM_ROW_QUALITY,ROW_QUALITY_ID,R_ROYALTY_TYPE,ROW_QUALITY
R_SOURCE,SOURCE,R_SAMPLE_ANAL_COMP_TYPE,SOURCE
R_PPDM_ROW_QUALITY,ROW_QUALITY_ID,R_SAMPLE_TYPE,ROW_QUALITY
R_PPDM_ROW_QUALITY,ROW_QUALITY_ID,R_SEIS_ACTIVITY_CLASS,ROW_QUALITY
R_PPDM_ROW_QUALITY,ROW_QUALITY_ID,R_SEIS_AUTHORIZE_REASON,ROW_QUALITY
R_SOURCE,SOURCE,R_SEIS_BIN_OUTLINE_TYPE,SOURCE
R_SOURCE,SOURCE,R_SEIS_CHANNEL_TYPE,SOURCE
PPDM_PROPERTY_SET,PROPERTY_SET_ID,R_SEIS_LIC_COND,PROPERTY_SET_ID
R_SEIS_LIC_COND,CONDITION_TYPE,R_SEIS_LIC_COND_CODE,CONDITION_TYPE
R_SOURCE,SOURCE,R_SEIS_REF_DATUM,SOURCE
R_PPDM_ROW_QUALITY,ROW_QUALITY_ID,R_SEIS_SAMPLE_TYPE,ROW_QUALITY
R_SOURCE,SOURCE,R_SEIS_SRC_ARRAY_TYPE,SOURCE
R_SOURCE,SOURCE,R_SF_BRIDGE_TYPE,SOURCE
R_SF_DESC_TYPE,DESC_TYPE,R_SF_DESC_VALUE,DESC_TYPE
R_SOURCE,SOURCE,R_SF_PAD_TYPE,SOURCE
R_PPDM_ROW_QUALITY,ROW_QUALITY_ID,R_SF_XREF_TYPE,ROW_QUALITY
SOURCE_DOCUMENT,SOURCE_DOCUMENT,R_SOURCE_ORIGIN,SOURCE_DOCUMENT
R_PPDM_ROW_QUALITY,ROW_QUALITY_ID,R_SPACING_UNIT_TYPE,ROW_QUALITY
R_PPDM_ROW_QUALITY,ROW_QUALITY_ID,R_SPATIAL_DESC_COMP_TYPE,ROW_QUALITY
R_PPDM_ROW_QUALITY,ROW_QUALITY_ID,R_SPATIAL_XREF_TYPE,ROW_QUALITY
R_PPDM_ROW_QUALITY,ROW_QUALITY_ID,R_STRAT_EQUIV_TYPE,ROW_QUALITY
R_SOURCE,SOURCE,R_STRAT_HIERARCHY,SOURCE
R_SOURCE,SOURCE,R_STRAT_NAME_SET_TYPE,SOURCE
R_SOURCE,SOURCE,R_STRAT_OCCURRENCE_TYPE,SOURCE
R_PPDM_ROW_QUALITY,ROW_QUALITY_ID,R_STRAT_TYPE,ROW_QUALITY
R_PPDM_ROW_QUALITY,ROW_QUALITY_ID,R_SUBSTANCE_COMP_TYPE,ROW_QUALITY
BUSINESS_ASSOCIATE,BUSINESS_ASSOCIATE,R_SW_APPLICATION,OWNER_BA_ID
R_PPDM_ROW_QUALITY,ROW_QUALITY_ID,R_TEST_EQUIPMENT,ROW_QUALITY
R_PPDM_ROW_QUALITY,ROW_QUALITY_ID,R_TEST_SHUTOFF_TYPE,ROW_QUALITY
R_SOURCE,SOURCE,R_TEST_SHUTOFF_TYPE,SOURCE
R_SOURCE,SOURCE,R_TEST_SUBTYPE,SOURCE
R_SOURCE,SOURCE,R_TRACE_HEADER_WORD,SOURCE
R_PPDM_ROW_QUALITY,ROW_QUALITY_ID,R_TRANS_STATUS,ROW_QUALITY
R_PPDM_ROW_QUALITY,ROW_QUALITY_ID,R_TUBING_TYPE,ROW_QUALITY
R_SOURCE,SOURCE,R_VSP_TYPE,SOURCE
R_SOURCE,SOURCE,R_WASTE_MATERIAL,SOURCE
R_PPDM_ROW_QUALITY,ROW_QUALITY_ID,R_WATER_CONDITION,ROW_QUALITY
R_PPDM_ROW_QUALITY,ROW_QUALITY_ID,R_WATER_TYPE,ROW_QUALITY
R_SOURCE,SOURCE,R_WEATHER_CONDITION,SOURCE
R_WELL_LIC_COND,CONDITION_TYPE,R_WELL_LIC_COND_CODE,CONDITION_TYPE
R_SOURCE,SOURCE,R_WELL_SF_USE_TYPE,SOURCE
R_SOURCE,SOURCE,R_WELL_STATUS_TYPE,SOURCE
R_PPDM_ROW_QUALITY,ROW_QUALITY_ID,R_WELL_XREF_TYPE,ROW_QUALITY
R_PPDM_ROW_QUALITY,ROW_QUALITY_ID,R_WO_DELIVERY_TYPE,ROW_QUALITY
R_PPDM_ROW_QUALITY,ROW_QUALITY_ID,R_ACCESS_CONDITION,ROW_QUALITY
R_SOURCE,SOURCE,R_ACCOUNT_PROC_TYPE,SOURCE
R_SOURCE,SOURCE,R_ADDRESS_TYPE,SOURCE
R_SOURCE,SOURCE,R_AIRCRAFT_TYPE,SOURCE
R_PPDM_ROW_QUALITY,ROW_QUALITY_ID,R_ALIAS_REASON_TYPE,ROW_QUALITY
R_PPDM_ROW_QUALITY,ROW_QUALITY_ID,R_ANALYSIS_PROPERTY,ROW_QUALITY
R_PPDM_ROW_QUALITY,ROW_QUALITY_ID,R_AOF_CALC_METHOD,ROW_QUALITY
R_PPDM_ROW_QUALITY,ROW_QUALITY_ID,R_APPLIC_ATTACHMENT,ROW_QUALITY
PPDM_PROPERTY_SET,PROPERTY_SET_ID,R_APPLIC_DESC,PROPERTY_SET_ID
R_SOURCE,SOURCE,R_APPLIC_REMARK_TYPE,SOURCE
R_PPDM_ROW_QUALITY,ROW_QUALITY_ID,R_AUTHORITY_TYPE,ROW_QUALITY
R_SOURCE,SOURCE,R_BA_CONTACT_LOC_TYPE,SOURCE
R_PPDM_ROW_QUALITY,ROW_QUALITY_ID,R_BA_CREW_OVERHEAD_TYPE,ROW_QUALITY
R_SOURCE,SOURCE,R_BA_CREW_OVERHEAD_TYPE,SOURCE
R_SOURCE,SOURCE,R_BA_CREW_TYPE,SOURCE
PPDM_PROPERTY_SET,PROPERTY_SET_ID,R_BA_DESC_TYPE,PROPERTY_SET_ID
R_PPDM_ROW_QUALITY,ROW_QUALITY_ID,R_BA_LIC_VIOL_RESOL,ROW_QUALITY
R_SOURCE,SOURCE,R_BA_LIC_VIOL_RESOL,SOURCE
R_SOURCE,SOURCE,R_BA_ORGANIZATION_TYPE,SOURCE
R_PPDM_ROW_QUALITY,ROW_QUALITY_ID,R_BA_PERMIT_TYPE,ROW_QUALITY
R_SOURCE,SOURCE,R_BA_PERMIT_TYPE,SOURCE
R_SOURCE,SOURCE,R_BA_TYPE,SOURCE
R_PPDM_ROW_QUALITY,ROW_QUALITY_ID,R_BHP_METHOD,ROW_QUALITY
R_SOURCE,SOURCE,R_BHP_METHOD,SOURCE
R_SOURCE,SOURCE,R_BIT_BEARING_CONDITION,SOURCE
R_SOURCE,SOURCE,R_BIT_CUT_STRUCT_DULL,SOURCE
R_SOURCE,SOURCE,R_BUILDUP_RADIUS_TYPE,SOURCE
R_PPDM_ROW_QUALITY,ROW_QUALITY_ID,R_CAT_ADDITIVE_SPEC,ROW_QUALITY
R_PPDM_ROW_QUALITY,ROW_QUALITY_ID,R_COLOR,ROW_QUALITY
R_COLOR_PALETTE,COLOR_PALETTE,R_COLOR,COLOR_PALETTE
R_PPDM_ROW_QUALITY,ROW_QUALITY_ID,R_COLOR_FORMAT,ROW_QUALITY
R_PPDM_ROW_QUALITY,ROW_QUALITY_ID,R_COLOR_PALETTE,ROW_QUALITY
R_SOURCE,SOURCE,R_COMPLETION_TYPE,SOURCE
R_PPDM_ROW_QUALITY,ROW_QUALITY_ID,R_CONFIDENTIAL_TYPE,ROW_QUALITY
R_SOURCE,SOURCE,R_CONSENT_COMP_TYPE,SOURCE
R_PPDM_ROW_QUALITY,ROW_QUALITY_ID,R_CONTACT_ROLE,ROW_QUALITY
R_SOURCE,SOURCE,R_CONTEST_RESOLUTION,SOURCE
R_PPDM_ROW_QUALITY,ROW_QUALITY_ID,R_CONTRACT_COMP_TYPE,ROW_QUALITY
R_SOURCE,SOURCE,R_CONT_COMP_REASON,SOURCE
R_SOURCE,SOURCE,R_CONT_OPERATING_PROC,SOURCE
R_PPDM_ROW_QUALITY,ROW_QUALITY_ID,R_CONT_PROVISION_TYPE,ROW_QUALITY
R_PPDM_ROW_QUALITY,ROW_QUALITY_ID,R_CONT_TYPE,ROW_QUALITY
R_SOURCE,SOURCE,R_CONT_VOTE_RESPONSE,SOURCE
R_PPDM_ROW_QUALITY,ROW_QUALITY_ID,R_COORD_SYSTEM_TYPE,ROW_QUALITY
R_PPDM_ROW_QUALITY,ROW_QUALITY_ID,R_CUSHION_TYPE,ROW_QUALITY
R_PPDM_ROW_QUALITY,ROW_QUALITY_ID,R_DATA_CIRC_PROCESS,ROW_QUALITY
R_PPDM_ROW_QUALITY,ROW_QUALITY_ID,R_DIR_SRVY_CLASS,ROW_QUALITY
R_SOURCE,SOURCE,R_DIR_SRVY_CLASS,SOURCE
R_PPDM_ROW_QUALITY,ROW_QUALITY_ID,R_DRILL_BIT_CONDITION,ROW_QUALITY
PPDM_PROPERTY_SET,PROPERTY_SET_ID,R_DRILL_BIT_DETAIL_TYPE,PROPERTY_SET_ID
R_SOURCE,SOURCE,R_DRILL_HOLE_POSITION,SOURCE
R_SOURCE,SOURCE,R_DRILL_STAT_TYPE,SOURCE
R_PPDM_ROW_QUALITY,ROW_QUALITY_ID,R_ECONOMIC_SCENARIO,ROW_QUALITY
R_PPDM_ROW_QUALITY,ROW_QUALITY_ID,R_ECOZONE_TYPE,ROW_QUALITY
R_SOURCE,SOURCE,R_ENT_TYPE,SOURCE
R_SOURCE,SOURCE,R_EQUIP_INSTALL_LOC,SOURCE
R_PPDM_ROW_QUALITY,ROW_QUALITY_ID,R_EQUIP_MAINT_LOC,ROW_QUALITY
R_EQUIP_MAINT_STAT_TYPE,MAINTAIN_STATUS_TYPE,R_EQUIP_MAINT_STATUS,MAINTAIN_STATUS_TYPE
R_SOURCE,SOURCE,R_EQUIP_USE_STAT_TYPE,SOURCE
R_PPDM_ROW_QUALITY,ROW_QUALITY_ID,R_FAC_LIC_COND_CODE,ROW_QUALITY
R_PPDM_ROW_QUALITY,ROW_QUALITY_ID,R_FAC_LIC_DUE_CONDITION,ROW_QUALITY
R_SOURCE,SOURCE,R_FAC_PIPE_COVER,SOURCE
R_SOURCE,SOURCE,R_FAC_PIPE_TYPE,SOURCE
R_PPDM_ROW_QUALITY,ROW_QUALITY_ID,R_FAULT_TYPE,ROW_QUALITY
R_PPDM_ROW_QUALITY,ROW_QUALITY_ID,R_FIELD_COMPONENT_TYPE,ROW_QUALITY
R_SOURCE,SOURCE,R_FIELD_COMPONENT_TYPE,SOURCE
R_SOURCE,SOURCE,R_FIELD_STATION_TYPE,SOURCE
R_SOURCE,SOURCE,R_FIN_STATUS,SOURCE
R_PPDM_ROW_QUALITY,ROW_QUALITY_ID,R_FIN_TYPE,ROW_QUALITY
R_PPDM_ROW_QUALITY,ROW_QUALITY_ID,R_FONT_EFFECT,ROW_QUALITY
R_SOURCE,SOURCE,R_FOS_DESC_CODE,SOURCE
R_SOURCE,SOURCE,R_FOS_NAME_SET_TYPE,SOURCE
R_SOURCE,SOURCE,R_GEOMETRY_FORMAT,SOURCE
R_PPDM_ROW_QUALITY,ROW_QUALITY_ID,R_IMAGE_CALIBRATE_METHOD,ROW_QUALITY
R_SOURCE,SOURCE,R_INCIDENT_BA_ROLE,SOURCE
R_SOURCE,SOURCE,R_INCIDENT_RESP_RESULT,SOURCE
R_PPDM_ROW_QUALITY,ROW_QUALITY_ID,R_INSTRUMENT_TYPE,ROW_QUALITY
R_PPDM_ROW_QUALITY,ROW_QUALITY_ID,R_INST_DETAIL_CODE,ROW_QUALITY
R_PPDM_ROW_QUALITY,ROW_QUALITY_ID,R_INST_DETAIL_REF_VALUE,ROW_QUALITY
R_SOURCE,SOURCE,R_INTERP_ORIGIN_TYPE,SOURCE
R_PPDM_ROW_QUALITY,ROW_QUALITY_ID,R_INT_SET_TRIGGER,ROW_QUALITY
R_PPDM_ROW_QUALITY,ROW_QUALITY_ID,R_INT_SET_XREF_TYPE,ROW_QUALITY
R_PPDM_ROW_QUALITY,ROW_QUALITY_ID,R_LAND_AGREE_TYPE,ROW_QUALITY
R_SOURCE,SOURCE,R_LAND_AGREE_TYPE,SOURCE
R_SOURCE,SOURCE,R_LAND_COMPONENT_TYPE,SOURCE
R_PPDM_ROW_QUALITY,ROW_QUALITY_ID,R_LAND_REQUEST_TYPE,ROW_QUALITY
R_SOURCE,SOURCE,R_LAND_REQ_STATUS,SOURCE
R_SOURCE,SOURCE,R_LAND_STATUS_TYPE,SOURCE
R_PPDM_ROW_QUALITY,ROW_QUALITY_ID,R_LAND_TITLE_CHG_RSN,ROW_QUALITY
R_SOURCE,SOURCE,R_LAND_TITLE_TYPE,SOURCE
R_PPDM_ROW_QUALITY,ROW_QUALITY_ID,R_LAND_TRACT_TYPE,ROW_QUALITY
R_PPDM_ROW_QUALITY,ROW_QUALITY_ID,R_LAND_UNIT_TYPE,ROW_QUALITY
R_PPDM_ROW_QUALITY,ROW_QUALITY_ID,R_LAND_WELL_REL_TYPE,ROW_QUALITY
R_SOURCE,SOURCE,R_LEASE_UNIT_STATUS,SOURCE
R_SOURCE,SOURCE,R_LITH_CYCLE_BED,SOURCE
R_PPDM_ROW_QUALITY,ROW_QUALITY_ID,R_LITH_CYCLE_BED,ROW_QUALITY
R_PPDM_ROW_QUALITY,ROW_QUALITY_ID,R_LITH_INTENSITY,ROW_QUALITY
R_PPDM_ROW_QUALITY,ROW_QUALITY_ID,R_LITH_PREP_CLASS,ROW_QUALITY
R_PPDM_ROW_QUALITY,ROW_QUALITY_ID,R_LITH_ROCK_MATRIX,ROW_QUALITY
R_SOURCE,SOURCE,R_LITH_ROCK_MATRIX,SOURCE
R_SOURCE,SOURCE,R_LITH_ROCK_PROFILE,SOURCE
R_SOURCE,SOURCE,R_LOCATION_TYPE,SOURCE
R_SOURCE,SOURCE,R_LOG_INDEX_TYPE,SOURCE
R_PPDM_ROW_QUALITY,ROW_QUALITY_ID,R_LR_FACILITY_XREF,ROW_QUALITY
R_SOURCE,SOURCE,R_LR_FACILITY_XREF,SOURCE
R_SOURCE,SOURCE,R_LR_TERMIN_REQMT,SOURCE
R_PPDM_ROW_QUALITY,ROW_QUALITY_ID,R_LR_TERMIN_TYPE,ROW_QUALITY
R_SOURCE,SOURCE,R_LR_XREF_TYPE,SOURCE
R_PPDM_ROW_QUALITY,ROW_QUALITY_ID,R_MUNICIPALITY,ROW_QUALITY
R_PPDM_ROW_QUALITY,ROW_QUALITY_ID,R_NAME_SET_XREF_TYPE,ROW_QUALITY
R_SOURCE,SOURCE,R_NAME_SET_XREF_TYPE,SOURCE
R_PPDM_ROW_QUALITY,ROW_QUALITY_ID,R_NS_DIRECTION,ROW_QUALITY
R_SOURCE,SOURCE,R_OBLIG_COMP_REASON,SOURCE
R_PPDM_ROW_QUALITY,ROW_QUALITY_ID,R_OBLIG_TYPE,ROW_QUALITY
R_SOURCE,SOURCE,R_OBLIG_XREF_TYPE,SOURCE
R_PPDM_ROW_QUALITY,ROW_QUALITY_ID,R_OFFSHORE_COMP_TYPE,ROW_QUALITY
R_PPDM_ROW_QUALITY,ROW_QUALITY_ID,R_OIL_TYPE,ROW_QUALITY
R_SOURCE,SOURCE,R_OPERAND_QUALIFIER,SOURCE
R_PPDM_ROW_QUALITY,ROW_QUALITY_ID,R_PALEO_IND_TYPE,ROW_QUALITY
R_PPDM_ROW_QUALITY,ROW_QUALITY_ID,R_PARCEL_TYPE,ROW_QUALITY
R_SOURCE,SOURCE,R_PICK_LOCATION,SOURCE
R_SOURCE,SOURCE,R_PICK_VERSION_TYPE,SOURCE
R_PPDM_ROW_QUALITY,ROW_QUALITY_ID,R_POOL_TYPE,ROW_QUALITY
R_SOURCE,SOURCE,R_POOL_TYPE,SOURCE
R_PPDM_ROW_QUALITY,ROW_QUALITY_ID,R_POROSITY_TYPE,ROW_QUALITY
R_PPDM_ROW_QUALITY,ROW_QUALITY_ID,R_PPDM_CREATE_METHOD,ROW_QUALITY
R_PPDM_ROW_QUALITY,ROW_QUALITY_ID,R_PPDM_GROUP_TYPE,ROW_QUALITY
R_PPDM_ROW_QUALITY,ROW_QUALITY_ID,R_PPDM_GROUP_XREF_TYPE,ROW_QUALITY
R_PPDM_ROW_QUALITY,ROW_QUALITY_ID,R_PPDM_MAP_RULE_TYPE,ROW_QUALITY
R_PPDM_ROW_QUALITY,ROW_QUALITY_ID,R_PPDM_METRIC_REF_VALUE,ROW_QUALITY
R_SOURCE,SOURCE,R_PPDM_OWNER_ROLE,SOURCE
R_PPDM_ROW_QUALITY,ROW_QUALITY_ID,R_PPDM_RULE_COMP_TYPE,ROW_QUALITY
R_PPDM_ROW_QUALITY,ROW_QUALITY_ID,R_PPDM_RULE_DETAIL_TYPE,ROW_QUALITY
R_SOURCE,SOURCE,R_PPDM_RULE_STATUS,SOURCE
R_PPDM_ROW_QUALITY,ROW_QUALITY_ID,R_PPDM_SCHEMA_GROUP,ROW_QUALITY
R_SOURCE,SOURCE,R_PPDM_TABLE_TYPE,SOURCE
R_PPDM_ROW_QUALITY,ROW_QUALITY_ID,R_PRODUCTION_METHOD,ROW_QUALITY
R_PPDM_ROW_QUALITY,ROW_QUALITY_ID,R_PROD_STR_FM_STATUS,ROW_QUALITY
R_PROJECT_TYPE,PROJECT_TYPE,R_PROJECT_CONDITION,PROJECT_TYPE
R_PPDM_ROW_QUALITY,ROW_QUALITY_ID,R_PROJECT_EQUIP_ROLE,ROW_QUALITY
R_PPDM_ROW_QUALITY,ROW_QUALITY_ID,R_PROJECT_STATUS,ROW_QUALITY
R_SOURCE,SOURCE,R_PROJECT_TYPE,SOURCE
R_PPDM_ROW_QUALITY,ROW_QUALITY_ID,R_QUALIFIER_TYPE,ROW_QUALITY
R_PPDM_ROW_QUALITY,ROW_QUALITY_ID,R_QUALITY,ROW_QUALITY
R_SOURCE,SOURCE,R_RATIO_CURVE_TYPE,SOURCE
R_PPDM_ROW_QUALITY,ROW_QUALITY_ID,R_REPEAT_STRAT_TYPE,ROW_QUALITY
R_SOURCE,SOURCE,R_REP_HIER_ALIAS_TYPE,SOURCE
R_PPDM_ROW_QUALITY,ROW_QUALITY_ID,R_RESENT_COMP_TYPE,ROW_QUALITY
R_SOURCE,SOURCE,R_RESENT_USE_TYPE,SOURCE
R_PPDM_ROW_QUALITY,ROW_QUALITY_ID,R_RESENT_VOL_METHOD,ROW_QUALITY
R_PPDM_ROW_QUALITY,ROW_QUALITY_ID,R_REST_DURATION,ROW_QUALITY
R_PPDM_ROW_QUALITY,ROW_QUALITY_ID,R_RIG_CATEGORY,ROW_QUALITY
R_SOURCE,SOURCE,R_RIG_HOOKBLOCK_TYPE,SOURCE
R_SOURCE,SOURCE,R_RIG_PUMP,SOURCE
R_SOURCE,SOURCE,R_RIG_SUBSTRUCTURE,SOURCE
R_SOURCE,SOURCE,R_RMII_CONTACT_TYPE,SOURCE
R_SOURCE,SOURCE,R_RMII_DESC_TYPE,SOURCE
R_SOURCE,SOURCE,R_RMII_GROUP_TYPE,SOURCE
R_SOURCE,SOURCE,R_RMII_METADATA_CODE,SOURCE
R_RMII_METADATA_TYPE,METADATA_TYPE,R_RMII_METADATA_CODE,METADATA_TYPE
R_PPDM_ROW_QUALITY,ROW_QUALITY_ID,R_RM_THESAURUS_XREF,ROW_QUALITY
R_PPDM_ROW_QUALITY,ROW_QUALITY_ID,R_ROAD_CONTROL_TYPE,ROW_QUALITY
R_PPDM_ROW_QUALITY,ROW_QUALITY_ID,R_SAMPLE_DESC_TYPE,ROW_QUALITY
R_PPDM_ROW_QUALITY,ROW_QUALITY_ID,R_SAMPLE_LOCATION,ROW_QUALITY
R_SOURCE,SOURCE,R_SAMPLE_TYPE,SOURCE
R_PPDM_ROW_QUALITY,ROW_QUALITY_ID,R_SCALE_TRANSFORM,ROW_QUALITY
R_SOURCE,SOURCE,R_SEIS_AUTHORIZE_TYPE,SOURCE
R_PPDM_ROW_QUALITY,ROW_QUALITY_ID,R_SEIS_DIMENSION,ROW_QUALITY
R_SOURCE,SOURCE,R_SEIS_GROUP_TYPE,SOURCE
R_PPDM_ROW_QUALITY,ROW_QUALITY_ID,R_SEIS_LIC_COND,ROW_QUALITY
R_PPDM_ROW_QUALITY,ROW_QUALITY_ID,R_SEIS_LIC_VIOL_TYPE,ROW_QUALITY
R_SOURCE,SOURCE,R_SEIS_PROC_STEP_NAME,SOURCE
R_SOURCE,SOURCE,R_SEIS_PROC_STEP_TYPE,SOURCE
R_SOURCE,SOURCE,R_SEIS_RCRD_MAKE,SOURCE
R_PPDM_ROW_QUALITY,ROW_QUALITY_ID,R_SEIS_RCVR_TYPE,ROW_QUALITY
R_SOURCE,SOURCE,R_SEIS_SAMPLE_TYPE,SOURCE
R_SOURCE,SOURCE,R_SEIS_SPECTRUM_TYPE,SOURCE
R_PPDM_ROW_QUALITY,ROW_QUALITY_ID,R_SEIS_SRC_ARRAY_TYPE,ROW_QUALITY
R_PPDM_ROW_QUALITY,ROW_QUALITY_ID,R_SEIS_SRC_MAKE,ROW_QUALITY
R_SOURCE,SOURCE,R_SEIS_SRC_MAKE,SOURCE
R_PPDM_ROW_QUALITY,ROW_QUALITY_ID,R_SEIS_SUMMARY_TYPE,ROW_QUALITY
R_PPDM_ROW_QUALITY,ROW_QUALITY_ID,R_SEIS_SWEEP_TYPE,ROW_QUALITY
R_SOURCE,SOURCE,R_SEIS_TRANS_COMP_TYPE,SOURCE
R_SOURCE,SOURCE,R_SF_DESC_VALUE,SOURCE
R_PPDM_ROW_QUALITY,ROW_QUALITY_ID,R_SOURCE_ORIGIN,ROW_QUALITY
R_SW_APPLICATION,SW_APPLICATION_ID,R_SOURCE_ORIGIN,SW_APPLICATION_ID
R_PPDM_ROW_QUALITY,ROW_QUALITY_ID,R_SPATIAL_DESC_TYPE,ROW_QUALITY
R_SOURCE,SOURCE,R_SPATIAL_DESC_TYPE,SOURCE
R_SOURCE,SOURCE,R_STRAT_AGE_METHOD,SOURCE
R_PPDM_ROW_QUALITY,ROW_QUALITY_ID,R_STRAT_COLUMN_TYPE,ROW_QUALITY
R_PPDM_ROW_QUALITY,ROW_QUALITY_ID,R_STRAT_CORR_CRITERIA,ROW_QUALITY
R_SOURCE,SOURCE,R_STRAT_EQUIV_TYPE,SOURCE
R_SOURCE,SOURCE,R_STRAT_UNIT_DESC,SOURCE
R_SOURCE,SOURCE,R_STRAT_UNIT_TYPE,SOURCE
R_STRAT_TYPE,STRAT_TYPE,R_STRAT_UNIT_TYPE,STRAT_TYPE
R_SOURCE,SOURCE,R_STREAMER_POSITION,SOURCE
R_SOURCE,SOURCE,R_SUBSTANCE_COMP_TYPE,SOURCE
PPDM_MEASUREMENT_SYSTEM,UOM_SYSTEM_ID,R_SW_APPLICATION,PREFERRED_UOM_SYSTEM_ID
R_PPDM_ROW_QUALITY,ROW_QUALITY_ID,R_TAX_CREDIT_CODE,ROW_QUALITY
R_SOURCE,SOURCE,R_TAX_CREDIT_CODE,SOURCE
R_SOURCE,SOURCE,R_TRANS_TYPE,SOURCE
R_PPDM_ROW_QUALITY,ROW_QUALITY_ID,R_TREATMENT_TYPE,ROW_QUALITY
R_SOURCE,SOURCE,R_TUBING_TYPE,SOURCE
R_SOURCE,SOURCE,R_TVD_METHOD,SOURCE
R_SOURCE,SOURCE,R_VELOCITY_DIMENSION,SOURCE
R_PPDM_ROW_QUALITY,ROW_QUALITY_ID,R_WASTE_HANDLING,ROW_QUALITY
R_SOURCE,SOURCE,R_WATER_TYPE,SOURCE
R_SOURCE,SOURCE,R_WELL_ACTIVITY_CAUSE,SOURCE
R_PPDM_ROW_QUALITY,ROW_QUALITY_ID,R_WELL_ACTIVITY_COMP_TYPE,ROW_QUALITY
R_SOURCE,SOURCE,R_WELL_ACTIVITY_COMP_TYPE,SOURCE
R_SOURCE,SOURCE,R_WELL_CIRC_PRESS_TYPE,SOURCE
R_SOURCE,SOURCE,R_WELL_FACILITY_USE_TYPE,SOURCE
R_SOURCE,SOURCE,R_WELL_LIC_VIOL_TYPE,SOURCE
R_SOURCE,SOURCE,R_WELL_LOG_CLASS,SOURCE
R_PPDM_ROW_QUALITY,ROW_QUALITY_ID,R_WELL_REF_VALUE_TYPE,ROW_QUALITY
R_SOURCE,SOURCE,R_WELL_RELATIONSHIP,SOURCE
R_PPDM_ROW_QUALITY,ROW_QUALITY_ID,R_WELL_SERVICE_METRIC,ROW_QUALITY
R_SOURCE,SOURCE,R_WELL_SERVICE_METRIC,SOURCE
PPDM_PROPERTY_SET,PROPERTY_SET_ID,R_WELL_SERVICE_METRIC,PROPERTY_SET_ID
R_SOURCE,SOURCE,R_WELL_TEST_TYPE,SOURCE
R_SOURCE,SOURCE,R_WORK_BID_TYPE,SOURCE
R_SOURCE,SOURCE,R_WO_XREF_TYPE,SOURCE
R_PPDM_ROW_QUALITY,ROW_QUALITY_ID,R_ADDITIVE_TYPE,ROW_QUALITY
R_SOURCE,SOURCE,R_AIR_GAS_CODE,SOURCE
R_SOURCE,SOURCE,R_ALLOCATION_TYPE,SOURCE
R_PPDM_ROW_QUALITY,ROW_QUALITY_ID,R_ALLOWABLE_EXPENSE,ROW_QUALITY
R_SOURCE,SOURCE,R_ANAL_PROPERTY_CODE,SOURCE
R_PPDM_ROW_QUALITY,ROW_QUALITY_ID,R_APPLIC_TYPE,ROW_QUALITY
R_SOURCE,SOURCE,R_AREA_COMPONENT_TYPE,SOURCE
R_PPDM_ROW_QUALITY,ROW_QUALITY_ID,R_AREA_COMPONENT_TYPE,ROW_QUALITY
R_SOURCE,SOURCE,R_AREA_CONTAIN_TYPE,SOURCE
R_SOURCE,SOURCE,R_AREA_DESC_TYPE,SOURCE
R_PPDM_ROW_QUALITY,ROW_QUALITY_ID,R_AREA_DESC_TYPE,ROW_QUALITY
R_PPDM_ROW_QUALITY,ROW_QUALITY_ID,R_BA_AUTHORITY_COMP_TYPE,ROW_QUALITY
R_PPDM_ROW_QUALITY,ROW_QUALITY_ID,R_BA_CREW_TYPE,ROW_QUALITY
R_SOURCE,SOURCE,R_BA_DESC_CODE,SOURCE
R_PPDM_ROW_QUALITY,ROW_QUALITY_ID,R_BA_LIC_DUE_CONDITION,ROW_QUALITY
R_SOURCE,SOURCE,R_BA_ORGANIZATION_COMP_TYPE,SOURCE
R_PPDM_ROW_QUALITY,ROW_QUALITY_ID,R_BA_ORGANIZATION_TYPE,ROW_QUALITY
R_PPDM_ROW_QUALITY,ROW_QUALITY_ID,R_BA_PREF_TYPE,ROW_QUALITY
R_PPDM_ROW_QUALITY,ROW_QUALITY_ID,R_BA_SERVICE_TYPE,ROW_QUALITY
R_PPDM_ROW_QUALITY,ROW_QUALITY_ID,R_BA_XREF_TYPE,ROW_QUALITY
R_PPDM_ROW_QUALITY,ROW_QUALITY_ID,R_BIT_CUT_STRUCT_INNER,ROW_QUALITY
R_SOURCE,SOURCE,R_BLOWOUT_FLUID,SOURCE
R_PPDM_ROW_QUALITY,ROW_QUALITY_ID,R_BUILDUP_RADIUS_TYPE,ROW_QUALITY
R_SOURCE,SOURCE,R_CAT_ADDITIVE_XREF,SOURCE
R_PPDM_ROW_QUALITY,ROW_QUALITY_ID,R_CHECKSHOT_SRVY_TYPE,ROW_QUALITY
R_SOURCE,SOURCE,R_COLOR,SOURCE
R_PPDM_ROW_QUALITY,ROW_QUALITY_ID,R_COMPLETION_METHOD,ROW_QUALITY
R_SOURCE,SOURCE,R_COMPLETION_STATUS,SOURCE
R_PPDM_ROW_QUALITY,ROW_QUALITY_ID,R_CONSENT_BA_ROLE,ROW_QUALITY
R_SOURCE,SOURCE,R_CONSENT_BA_ROLE,SOURCE
R_SOURCE,SOURCE,R_CONSENT_CONDITION,SOURCE
R_SOURCE,SOURCE,R_CONSENT_REMARK,SOURCE
R_PPDM_ROW_QUALITY,ROW_QUALITY_ID,R_CONSENT_STATUS,ROW_QUALITY
R_PPDM_ROW_QUALITY,ROW_QUALITY_ID,R_CONSULT_COMP_TYPE,ROW_QUALITY
R_PPDM_ROW_QUALITY,ROW_QUALITY_ID,R_CONSULT_ISSUE_TYPE,ROW_QUALITY
R_SOURCE,SOURCE,R_CONSULT_RESOLUTION,SOURCE
R_PPDM_ROW_QUALITY,ROW_QUALITY_ID,R_CONSULT_ROLE,ROW_QUALITY
R_SOURCE,SOURCE,R_CONSULT_ROLE,SOURCE
R_SOURCE,SOURCE,R_CONSULT_XREF_TYPE,SOURCE
R_SOURCE,SOURCE,R_CONT_BA_ROLE,SOURCE
R_SOURCE,SOURCE,R_COORD_CAPTURE,SOURCE
R_SOURCE,SOURCE,R_COORD_QUALITY,SOURCE
R_SOURCE,SOURCE,R_CORE_HANDLING,SOURCE
R_PPDM_ROW_QUALITY,ROW_QUALITY_ID,R_CORE_RECOVERY_TYPE,ROW_QUALITY
R_SOURCE,SOURCE,R_CORE_SHIFT_METHOD,SOURCE
R_PPDM_ROW_QUALITY,ROW_QUALITY_ID,R_CORE_TYPE,ROW_QUALITY
R_PPDM_ROW_QUALITY,ROW_QUALITY_ID,R_COUPLING_TYPE,ROW_QUALITY
R_SOURCE,SOURCE,R_CURVE_SCALE,SOURCE
R_SOURCE,SOURCE,R_CUTTING_FLUID,SOURCE
R_PPDM_ROW_QUALITY,ROW_QUALITY_ID,R_DECLINE_COND_TYPE,ROW_QUALITY
R_PPDM_ROW_QUALITY,ROW_QUALITY_ID,R_DECLINE_CURVE_TYPE,ROW_QUALITY
R_PPDM_ROW_QUALITY,ROW_QUALITY_ID,R_DECLINE_TYPE,ROW_QUALITY
R_SOURCE,SOURCE,R_DECRYPT_TYPE,SOURCE
R_PPDM_ROW_QUALITY,ROW_QUALITY_ID,R_DIGITAL_OUTPUT,ROW_QUALITY
R_SOURCE,SOURCE,R_DIR_SRVY_POINT_TYPE,SOURCE
R_SOURCE,SOURCE,R_DIR_SRVY_RECORD,SOURCE
R_SOURCE,SOURCE,R_DRILL_BIT_DETAIL_CODE,SOURCE
R_SOURCE,SOURCE,R_ECONOMIC_SCENARIO,SOURCE
R_PPDM_ROW_QUALITY,ROW_QUALITY_ID,R_ECOZONE_HIER_LEVEL,ROW_QUALITY
R_SOURCE,SOURCE,R_ENT_SEC_GROUP_XREF,SOURCE
R_PPDM_ROW_QUALITY,ROW_QUALITY_ID,R_ENT_TYPE,ROW_QUALITY
R_SOURCE,SOURCE,R_ENVIRONMENT,SOURCE
R_SOURCE,SOURCE,R_EQUIP_MAINT_LOC,SOURCE
PPDM_PROPERTY_SET,PROPERTY_SET_ID,R_EQUIP_SPEC_REF_TYPE,PROPERTY_SET_ID
R_PPDM_ROW_QUALITY,ROW_QUALITY_ID,R_EQUIP_STATUS_TYPE,ROW_QUALITY
R_SOURCE,SOURCE,R_EQUIP_SYSTEM_CONDITION,SOURCE
R_FACILITY_SPEC_TYPE,SPEC_TYPE,R_FACILITY_SPEC_CODE,SPEC_TYPE
PPDM_PROPERTY_SET,PROPERTY_SET_ID,R_FACILITY_SPEC_TYPE,PROPERTY_SET_ID
R_PPDM_ROW_QUALITY,ROW_QUALITY_ID,R_FACILITY_TYPE,ROW_QUALITY
R_SOURCE,SOURCE,R_FAC_MAINT_STATUS,SOURCE
R_PPDM_ROW_QUALITY,ROW_QUALITY_ID,R_FAC_PIPE_MATERIAL,ROW_QUALITY
R_SOURCE,SOURCE,R_FAC_SPEC_REFERENCE,SOURCE
R_PPDM_ROW_QUALITY,ROW_QUALITY_ID,R_FIN_XREF_TYPE,ROW_QUALITY
R_PPDM_ROW_QUALITY,ROW_QUALITY_ID,R_FONT,ROW_QUALITY
R_PPDM_ROW_QUALITY,ROW_QUALITY_ID,R_FOS_ALIAS_TYPE,ROW_QUALITY
R_SOURCE,SOURCE,R_FOS_ASSEMBLAGE_TYPE,SOURCE
R_PPDM_ROW_QUALITY,ROW_QUALITY_ID,R_FOS_DESC_CODE,ROW_QUALITY
PPDM_PROPERTY_SET,PROPERTY_SET_ID,R_FOS_DESC_TYPE,PROPERTY_SET_ID
R_PPDM_ROW_QUALITY,ROW_QUALITY_ID,R_FOS_LIFE_HABIT,ROW_QUALITY
R_SOURCE,SOURCE,R_FOS_OBS_TYPE,SOURCE
R_PPDM_ROW_QUALITY,ROW_QUALITY_ID,R_FOS_TAXON_GROUP,ROW_QUALITY
R_SOURCE,SOURCE,R_GEOMETRY_TYPE,SOURCE
R_SOURCE,SOURCE,R_HORIZ_DRILL_REASON,SOURCE
R_PPDM_ROW_QUALITY,ROW_QUALITY_ID,R_HORIZ_DRILL_TYPE,ROW_QUALITY
R_SOURCE,SOURCE,R_HSE_RESPONSE_TYPE,SOURCE
R_SOURCE,SOURCE,R_IMAGE_SECTION_TYPE,SOURCE
R_SOURCE,SOURCE,R_INSTRUMENT_TYPE,SOURCE
R_PPDM_ROW_QUALITY,ROW_QUALITY_ID,R_INT_SET_STATUS,ROW_QUALITY
R_INT_SET_STATUS_TYPE,STATUS_TYPE,R_INT_SET_STATUS,STATUS_TYPE
R_PPDM_ROW_QUALITY,ROW_QUALITY_ID,R_ITEM_CATEGORY,ROW_QUALITY
R_SOURCE,SOURCE,R_LAND_ACQTN_METHOD,SOURCE
R_SOURCE,SOURCE,R_LAND_LESSOR_TYPE,SOURCE
R_PPDM_ROW_QUALITY,ROW_QUALITY_ID,R_LAND_TITLE_TYPE,ROW_QUALITY
R_SOURCE,SOURCE,R_LEASE_UNIT_TYPE,SOURCE
R_SOURCE,SOURCE,R_LICENSE_STATUS,SOURCE
R_LIC_STATUS_TYPE,LICENSE_STATUS_TYPE,R_LICENSE_STATUS,LICENSE_STATUS_TYPE
R_PPDM_ROW_QUALITY,ROW_QUALITY_ID,R_LINER_TYPE,ROW_QUALITY
R_SOURCE,SOURCE,R_LITHOLOGY,SOURCE
R_SOURCE,SOURCE,R_LITH_ABUNDANCE,SOURCE
R_SOURCE,SOURCE,R_LITH_CONSOLIDATION,SOURCE
R_SOURCE,SOURCE,R_LITH_LOG_TYPE,SOURCE
R_SOURCE,SOURCE,R_LITH_ROUNDING,SOURCE
R_PPDM_ROW_QUALITY,ROW_QUALITY_ID,R_LOCATION_DESC_TYPE,ROW_QUALITY
R_PPDM_ROW_QUALITY,ROW_QUALITY_ID,R_LOG_ARRAY_DIMENSION,ROW_QUALITY
R_SOURCE,SOURCE,R_LOG_GOOD_VALUE_TYPE,SOURCE
R_PPDM_ROW_QUALITY,ROW_QUALITY_ID,R_LOG_INDEX_TYPE,ROW_QUALITY
R_SOURCE,SOURCE,R_LOG_POSITION_TYPE,SOURCE
R_SOURCE,SOURCE,R_MAINT_PROCESS,SOURCE
R_PPDM_ROW_QUALITY,ROW_QUALITY_ID,R_MEASUREMENT_TYPE,ROW_QUALITY
R_PPDM_ROW_QUALITY,ROW_QUALITY_ID,R_MEASURE_TECHNIQUE,ROW_QUALITY
R_SOURCE,SOURCE,R_MEDIA_TYPE,SOURCE
PPDM_PROPERTY_SET,PROPERTY_SET_ID,R_MISC_DATA_TYPE,PROPERTY_SET_ID
R_SOURCE,SOURCE,R_MUD_LOG_COLOR,SOURCE
R_SOURCE,SOURCE,R_MUD_PROPERTY_REF,SOURCE
PPDM_PROPERTY_SET,PROPERTY_SET_ID,R_MUD_PROPERTY_TYPE,PROPERTY_SET_ID
R_SOURCE,SOURCE,R_OBLIG_TRIGGER,SOURCE
R_PPDM_ROW_QUALITY,ROW_QUALITY_ID,R_OBLIG_XREF_TYPE,ROW_QUALITY
R_PPDM_ROW_QUALITY,ROW_QUALITY_ID,R_OFFSHORE_AREA_CODE,ROW_QUALITY
R_SOURCE,SOURCE,R_PAYMENT_TYPE,SOURCE
R_SOURCE,SOURCE,R_PAY_METHOD,SOURCE
R_SOURCE,SOURCE,R_PDEN_COMPONENT_TYPE,SOURCE
R_SOURCE,SOURCE,R_PHYSICAL_PROCESS,SOURCE
R_PPDM_ROW_QUALITY,ROW_QUALITY_ID,R_PICK_VERSION_TYPE,ROW_QUALITY
R_PPDM_ROW_QUALITY,ROW_QUALITY_ID,R_PPDM_AUDIT_REASON,ROW_QUALITY
R_SOURCE,SOURCE,R_PPDM_CREATE_METHOD,SOURCE
R_SOURCE,SOURCE,R_PPDM_DATA_TYPE,SOURCE
R_SOURCE,SOURCE,R_PPDM_GROUP_TYPE,SOURCE
R_PPDM_ROW_QUALITY,ROW_QUALITY_ID,R_PPDM_INDEX_CATEGORY,ROW_QUALITY
R_PPDM_ROW_QUALITY,ROW_QUALITY_ID,R_PPDM_REF_VALUE_TYPE,ROW_QUALITY
R_SOURCE,SOURCE,R_PPDM_ROW_QUALITY,SOURCE
R_SOURCE,SOURCE,R_PPDM_RULE_COMP_TYPE,SOURCE
R_SOURCE,SOURCE,R_PPDM_RULE_DETAIL_TYPE,SOURCE
R_PPDM_ROW_QUALITY,ROW_QUALITY_ID,R_PPDM_RULE_STATUS,ROW_QUALITY
R_PPDM_ROW_QUALITY,ROW_QUALITY_ID,R_PPDM_RULE_USE_COND,ROW_QUALITY
R_SOURCE,SOURCE,R_PPDM_RULE_XREF_TYPE,SOURCE
R_PPDM_ROW_QUALITY,ROW_QUALITY_ID,R_PPDM_SYSTEM_TYPE,ROW_QUALITY
R_SOURCE,SOURCE,R_PPDM_SYSTEM_TYPE,SOURCE
R_PROD_STRING_STAT_TYPE,STATUS_TYPE,R_PROD_STRING_STATUS,STATUS_TYPE
R_SOURCE,SOURCE,R_PROD_STR_FM_STATUS,SOURCE
R_SOURCE,SOURCE,R_PROJECT_CONDITION,SOURCE
R_PROJECT_STATUS_TYPE,STATUS_TYPE,R_PROJECT_STATUS,STATUS_TYPE
R_SOURCE,SOURCE,R_QUALIFIER_TYPE,SOURCE
R_PPDM_ROW_QUALITY,ROW_QUALITY_ID,R_RATE_SCHEDULE,ROW_QUALITY
R_SOURCE,SOURCE,R_RATE_SCHEDULE_COMP_TYPE,SOURCE
R_PPDM_ROW_QUALITY,ROW_QUALITY_ID,R_REPORT_HIER_TYPE,ROW_QUALITY
R_PPDM_ROW_QUALITY,ROW_QUALITY_ID,R_RESENT_CONFIDENCE,ROW_QUALITY
R_SOURCE,SOURCE,R_RESENT_GROUP_TYPE,SOURCE
R_PPDM_ROW_QUALITY,ROW_QUALITY_ID,R_REST_REMARK,ROW_QUALITY
R_SOURCE,SOURCE,R_RIG_BLOWOUT_PREVENTER,SOURCE
R_PPDM_ROW_QUALITY,ROW_QUALITY_ID,R_RIG_CODE,ROW_QUALITY
R_SOURCE,SOURCE,R_RIG_DESANDER_TYPE,SOURCE
R_PPDM_ROW_QUALITY,ROW_QUALITY_ID,R_RIG_DRAWWORKS,ROW_QUALITY
R_SOURCE,SOURCE,R_RIG_DRAWWORKS,SOURCE
R_PPDM_ROW_QUALITY,ROW_QUALITY_ID,R_RIG_GENERATOR_TYPE,ROW_QUALITY
R_PPDM_ROW_QUALITY,ROW_QUALITY_ID,R_RIG_OVERHEAD_CAPACITY,ROW_QUALITY
R_SOURCE,SOURCE,R_RIG_OVERHEAD_TYPE,SOURCE
R_PPDM_ROW_QUALITY,ROW_QUALITY_ID,R_RIG_TYPE,ROW_QUALITY
PPDM_PROPERTY_SET,PROPERTY_SET_ID,R_RMII_DESC_TYPE,PROPERTY_SET_ID
R_PPDM_ROW_QUALITY,ROW_QUALITY_ID,R_RMII_GROUP_TYPE,ROW_QUALITY
R_SOURCE,SOURCE,R_RMII_METADATA_TYPE,SOURCE
R_SOURCE,SOURCE,R_RM_THESAURUS_XREF,SOURCE
R_SOURCE,SOURCE,R_ROAD_TRAFFIC_FLOW_TYPE,SOURCE
R_PPDM_ROW_QUALITY,ROW_QUALITY_ID,R_ROLL_ALONG_METHOD,ROW_QUALITY
R_SOURCE,SOURCE,R_SALINITY_TYPE,SOURCE
R_SOURCE,SOURCE,R_SAMPLE_LOCATION,SOURCE
R_SOURCE,SOURCE,R_SAMPLE_SHAPE,SOURCE
R_PPDM_ROW_QUALITY,ROW_QUALITY_ID,R_SCREEN_LOCATION,ROW_QUALITY
R_PPDM_ROW_QUALITY,ROW_QUALITY_ID,R_SEIS_BIN_OUTLINE_TYPE,ROW_QUALITY
R_SOURCE,SOURCE,R_SEIS_FLOW_DESC_TYPE,SOURCE
R_PPDM_ROW_QUALITY,ROW_QUALITY_ID,R_SEIS_LIC_VIOL_RESOL,ROW_QUALITY
R_SOURCE,SOURCE,R_SEIS_LIC_VIOL_RESOL,SOURCE
R_SOURCE,SOURCE,R_SEIS_LIC_VIOL_TYPE,SOURCE
R_SOURCE,SOURCE,R_SEIS_PARM_ORIGIN,SOURCE
R_SOURCE,SOURCE,R_SEIS_PATCH_TYPE,SOURCE
R_PPDM_ROW_QUALITY,ROW_QUALITY_ID,R_SEIS_PROC_PARM,ROW_QUALITY
R_PPDM_ROW_QUALITY,ROW_QUALITY_ID,R_SEIS_PROC_SET_TYPE,ROW_QUALITY
R_PPDM_ROW_QUALITY,ROW_QUALITY_ID,R_SEIS_PROC_STATUS,ROW_QUALITY
R_PPDM_ROW_QUALITY,ROW_QUALITY_ID,R_SEIS_RECORD_TYPE,ROW_QUALITY
R_SOURCE,SOURCE,R_SEIS_SEGMENT_REASON,SOURCE
R_PPDM_ROW_QUALITY,ROW_QUALITY_ID,R_SEIS_SPECTRUM_TYPE,ROW_QUALITY
PPDM_UNIT_OF_MEASURE,UOM_ID,R_SEIS_SRC_MAKE,VIB_PEAK_FORCE_OUOM
R_PPDM_ROW_QUALITY,ROW_QUALITY_ID,R_SEIS_STATUS_TYPE,ROW_QUALITY
R_SOURCE,SOURCE,R_SEIS_STATUS_TYPE,SOURCE
R_SOURCE,SOURCE,R_SEIS_SUMMARY_TYPE,SOURCE
R_PPDM_ROW_QUALITY,ROW_QUALITY_ID,R_SF_BRIDGE_TYPE,ROW_QUALITY
R_SOURCE,SOURCE,R_SF_ELECTRIC_TYPE,SOURCE
R_SOURCE,SOURCE,R_SF_STATUS_TYPE,SOURCE
R_SOURCE,SOURCE,R_SF_SURFACE_TYPE,SOURCE
R_SOURCE,SOURCE,R_SF_VESSEL_ROLE,SOURCE
R_PPDM_ROW_QUALITY,ROW_QUALITY_ID,R_SHOW_TYPE,ROW_QUALITY
R_SOURCE,SOURCE,R_SOURCE,ROW_SOURCE
R_SOURCE,SOURCE,R_SOURCE_ORIGIN,SOURCE
R_SOURCE,SOURCE,R_SPACING_UNIT_TYPE,SOURCE
R_SOURCE,SOURCE,R_SPATIAL_XREF_TYPE,SOURCE
R_SOURCE,SOURCE,R_SP_POINT_VERSION_TYPE,SOURCE
R_SOURCE,SOURCE,R_SP_ZONE_DEFIN__XREF,SOURCE
R_PPDM_ROW_QUALITY,ROW_QUALITY_ID,R_SP_ZONE_DERIV,ROW_QUALITY
R_PPDM_ROW_QUALITY,ROW_QUALITY_ID,R_SP_ZONE_TYPE,ROW_QUALITY
R_PPDM_ROW_QUALITY,ROW_QUALITY_ID,R_STRAT_ACQTN_METHOD,ROW_QUALITY
R_SOURCE,SOURCE,R_STRAT_CORR_TYPE,SOURCE
R_SOURCE,SOURCE,R_STRAT_EQUIV_DIRECT,SOURCE
R_PPDM_ROW_QUALITY,ROW_QUALITY_ID,R_STRAT_FLD_NODE_LOC,ROW_QUALITY
R_SOURCE,SOURCE,R_STRAT_FLD_NODE_LOC,SOURCE
R_PPDM_ROW_QUALITY,ROW_QUALITY_ID,R_SW_APPLICATION,ROW_QUALITY
R_SOURCE,SOURCE,R_TEST_EQUIPMENT,SOURCE
R_PPDM_ROW_QUALITY,ROW_QUALITY_ID,R_TEST_RECOV_METHOD,ROW_QUALITY
R_PPDM_ROW_QUALITY,ROW_QUALITY_ID,R_TEST_SUBTYPE,ROW_QUALITY
R_PPDM_ROW_QUALITY,ROW_QUALITY_ID,R_TOUR_OCCURRENCE_TYPE,ROW_QUALITY
R_SOURCE,SOURCE,R_TOUR_OCCURRENCE_TYPE,SOURCE
R_SOURCE,SOURCE,R_TRACE_HEADER_FORMAT,SOURCE
R_SOURCE,SOURCE,R_TRANS_COMP_TYPE,SOURCE
R_PPDM_ROW_QUALITY,ROW_QUALITY_ID,R_TRANS_TYPE,ROW_QUALITY
R_SOURCE,SOURCE,R_VELOCITY_TYPE,SOURCE
R_SOURCE,SOURCE,R_VERTICAL_DATUM_TYPE,SOURCE
R_SOURCE,SOURCE,R_VOLUME_METHOD,SOURCE
R_PPDM_ROW_QUALITY,ROW_QUALITY_ID,R_WASTE_ADJUST_REASON,ROW_QUALITY
R_PPDM_ROW_QUALITY,ROW_QUALITY_ID,R_WASTE_HAZARD_TYPE,ROW_QUALITY
R_PPDM_ROW_QUALITY,ROW_QUALITY_ID,R_WASTE_ORIGIN,ROW_QUALITY
R_PPDM_ROW_QUALITY,ROW_QUALITY_ID,R_WATER_DATUM,ROW_QUALITY
R_SOURCE,SOURCE,R_WELL_CLASS,SOURCE
R_SOURCE,SOURCE,R_WELL_COMPONENT_TYPE,SOURCE
R_PPDM_ROW_QUALITY,ROW_QUALITY_ID,R_WELL_LOG_CLASS,ROW_QUALITY
R_SOURCE,SOURCE,R_WELL_NODE_PICK_METHOD,SOURCE
R_PPDM_ROW_QUALITY,ROW_QUALITY_ID,R_WELL_STATUS_TYPE,ROW_QUALITY
PPDM_PROPERTY_SET,PROPERTY_SET_ID,R_WELL_ZONE_INT_VALUE,PROPERTY_SET_ID
R_PPDM_ROW_QUALITY,ROW_QUALITY_ID,R_WORK_BID_TYPE,ROW_QUALITY
R_PPDM_ROW_QUALITY,ROW_QUALITY_ID,R_WO_COMPONENT_TYPE,ROW_QUALITY
