id,TABLE_NAME,COLUMN_NAME,SOURCETABLENAME,SOURCECOLUMNNAME
1,R_PPDM_ROW_QUALITY,ROW_QUALITY_ID,R_ACCOUNT_PROC_TYPE,ROW_QUALITY
2,R_PPDM_ROW_QUALITY,ROW_QUALITY_ID,R_ACCOUNT_PROC_TYPE,ROW_QUALITY
3,R_PPDM_ROW_QUALITY,ROW_QUALITY_ID,R_ACTIVITY_SET_TYPE,ROW_QUALITY
4,R_PPDM_ROW_QUALITY,ROW_QUALITY_ID,R_ACTIVITY_TYPE,ROW_QUALITY
5,R_PPDM_ROW_QUALITY,ROW_QUALITY_ID,R_ALIAS_TYPE,ROW_QUALITY
6,R_SOURCE,SOURCE,R_ALLOWABLE_EXPENSE,SOURCE
7,R_PPDM_ROW_QUALITY,ROW_QUALITY_ID,R_ANALYSIS_REPORT,ROW_QUALITY
8,R_SOURCE,SOURCE,R_ANALYSIS_REPORT,SOURCE
9,R_PPDM_ROW_QUALITY,ROW_QUALITY_ID,R_ANAL_PROPERTY_CODE,ROW_QUALITY
10,R_SOURCE,SOURCE,R_APPLICATION_COMP_TYPE,SOURCE
11,R_SOURCE,SOURCE,R_APPLIC_ATTACHMENT,SOURCE
12,R_PPDM_ROW_QUALITY,ROW_QUALITY_ID,R_APPLIC_BA_ROLE,ROW_QUALITY
13,R_PPDM_ROW_QUALITY,ROW_QUALITY_ID,R_APPLIC_REMARK_TYPE,ROW_QUALITY
14,R_PPDM_ROW_QUALITY,ROW_QUALITY_ID,R_AREA_DESC_CODE,ROW_QUALITY
15,PPDM_PROPERTY_SET,PROPERTY_SET_ID,R_AREA_DESC_TYPE,PROPERTY_SET_ID
16,R_SOURCE,SOURCE,R_BA_DESC_TYPE,SOURCE
17,R_SOURCE,SOURCE,R_BH_PRESS_TEST_TYPE,SOURCE
18,R_SOURCE,SOURCE,R_BIT_CUT_STRUCT_OUTER,SOURCE
19,R_SOURCE,SOURCE,R_CAT_ADDITIVE_GROUP,SOURCE
20,R_PPDM_ROW_QUALITY,ROW_QUALITY_ID,R_CAT_ADDITIVE_QUANTITY,ROW_QUALITY
21,R_SOURCE,SOURCE,R_CAT_ADDITIVE_QUANTITY,SOURCE
22,R_PPDM_ROW_QUALITY,ROW_QUALITY_ID,R_CAT_EQUIP_GROUP,ROW_QUALITY
23,R_PPDM_ROW_QUALITY,ROW_QUALITY_ID,R_CLASS_LEV_COMP_TYPE,ROW_QUALITY
24,R_SOURCE,SOURCE,R_CLASS_LEV_COMP_TYPE,SOURCE
25,R_SOURCE,SOURCE,R_CLASS_SYSTEM_DIMENSION,SOURCE
26,R_PPDM_ROW_QUALITY,ROW_QUALITY_ID,R_COMPLETION_STATUS,ROW_QUALITY
27,R_PPDM_ROW_QUALITY,ROW_QUALITY_ID,R_CONFIDENCE_TYPE,ROW_QUALITY
28,R_PPDM_ROW_QUALITY,ROW_QUALITY_ID,R_CONSULT_ATTEND_TYPE,ROW_QUALITY
29,R_SOURCE,SOURCE,R_CONSULT_ATTEND_TYPE,SOURCE
30,R_PPDM_ROW_QUALITY,ROW_QUALITY_ID,R_CONTEST_COMP_TYPE,ROW_QUALITY
31,R_PPDM_ROW_QUALITY,ROW_QUALITY_ID,R_CONT_BA_ROLE,ROW_QUALITY
32,R_SOURCE,SOURCE,R_CONT_STATUS,SOURCE
33,R_PPDM_ROW_QUALITY,ROW_QUALITY_ID,R_CONT_VOTE_TYPE,ROW_QUALITY
34,R_PPDM_ROW_QUALITY,ROW_QUALITY_ID,R_COORD_CAPTURE,ROW_QUALITY
35,R_PPDM_ROW_QUALITY,ROW_QUALITY_ID,R_COORD_QUALITY,ROW_QUALITY
36,R_PPDM_ROW_QUALITY,ROW_QUALITY_ID,R_CORE_SHIFT_METHOD,ROW_QUALITY
37,R_PPDM_ROW_QUALITY,ROW_QUALITY_ID,R_CORE_SOLVENT,ROW_QUALITY
38,R_PPDM_ROW_QUALITY,ROW_QUALITY_ID,R_CS_TRANSFORM_PARM,ROW_QUALITY
39,SOURCE_DOCUMENT,SOURCE_DOCUMENT,R_CS_TRANSFORM_PARM,SOURCE_DOCUMENT
40,R_SOURCE,SOURCE,R_DATA_CIRC_PROCESS,SOURCE
41,R_SOURCE,SOURCE,R_DECLINE_COND_TYPE,SOURCE
42,R_SOURCE,SOURCE,R_DIGITAL_FORMAT,SOURCE
43,R_SOURCE,SOURCE,R_DIRECTION,SOURCE
44,R_PPDM_ROW_QUALITY,ROW_QUALITY_ID,R_DOC_STATUS,ROW_QUALITY
45,R_SOURCE,SOURCE,R_DRILL_BIT_DETAIL_TYPE,SOURCE
46,R_SOURCE,SOURCE,R_DRILL_BIT_TYPE,SOURCE
47,R_PPDM_ROW_QUALITY,ROW_QUALITY_ID,R_DRILL_HOLE_POSITION,ROW_QUALITY
48,R_PPDM_ROW_QUALITY,ROW_QUALITY_ID,R_DRILL_REPORT_TIME,ROW_QUALITY
49,R_SOURCE,SOURCE,R_DRILL_REPORT_TIME,SOURCE
50,R_SOURCE,SOURCE,R_DRILL_STAT_CODE,SOURCE
51,R_PPDM_ROW_QUALITY,ROW_QUALITY_ID,R_DRILL_TOOL_TYPE,ROW_QUALITY
52,R_PPDM_ROW_QUALITY,ROW_QUALITY_ID,R_ECONOMIC_SCHEDULE,ROW_QUALITY
53,R_PPDM_ROW_QUALITY,ROW_QUALITY_ID,R_EMPLOYEE_STATUS,ROW_QUALITY
54,R_PPDM_ROW_QUALITY,ROW_QUALITY_ID,R_ENT_SEC_GROUP_TYPE,ROW_QUALITY
55,R_SOURCE,SOURCE,R_EQUIP_COMPONENT_TYPE,SOURCE
56,R_PPDM_ROW_QUALITY,ROW_QUALITY_ID,R_EQUIP_SPEC_REF_TYPE,ROW_QUALITY
57,R_SOURCE,SOURCE,R_EW_START_LINE,SOURCE
58,R_FAC_STATUS_TYPE,STATUS_TYPE,R_FACILITY_STATUS,STATUS_TYPE
59,R_SOURCE,SOURCE,R_FAC_FUNCTION,SOURCE
60,R_SOURCE,SOURCE,R_FAC_LIC_DUE_CONDITION,SOURCE
61,R_PPDM_ROW_QUALITY,ROW_QUALITY_ID,R_FAC_MAINT_STATUS,ROW_QUALITY
62,R_PPDM_ROW_QUALITY,ROW_QUALITY_ID,R_FAC_MAINT_STATUS_TYPE,ROW_QUALITY
63,R_SOURCE,SOURCE,R_FAC_PIPE_MATERIAL,SOURCE
64,R_PPDM_ROW_QUALITY,ROW_QUALITY_ID,R_FAC_PIPE_TYPE,ROW_QUALITY
65,R_SOURCE,SOURCE,R_FAULT_TYPE,SOURCE
66,R_SOURCE,SOURCE,R_FOS_COLOR,SOURCE
67,R_PPDM_ROW_QUALITY,ROW_QUALITY_ID,R_FOS_NAME_SET_TYPE,ROW_QUALITY
68,R_PPDM_ROW_QUALITY,ROW_QUALITY_ID,R_FOS_OBS_TYPE,ROW_QUALITY
69,R_PPDM_ROW_QUALITY,ROW_QUALITY_ID,R_FOS_TAXON_LEVEL,ROW_QUALITY
70,R_PPDM_ROW_QUALITY,ROW_QUALITY_ID,R_HSE_COMP_ROLE,ROW_QUALITY
71,R_SOURCE,SOURCE,R_HSE_COMP_ROLE,SOURCE
72,R_PPDM_ROW_QUALITY,ROW_QUALITY_ID,R_HSE_INCIDENT_DETAIL,ROW_QUALITY
73,R_PPDM_ROW_QUALITY,ROW_QUALITY_ID,R_INCIDENT_BA_ROLE,ROW_QUALITY
74,R_SOURCE,SOURCE,R_INFORMATION_PROCESS,SOURCE
75,R_INST_DETAIL_TYPE,INSTRUMENT_DETAIL_TYPE,R_INST_DETAIL_CODE,INSTRUMENT_DETAIL_TYPE
76,R_SOURCE,SOURCE,R_INT_SET_STATUS_TYPE,SOURCE
77,R_PPDM_ROW_QUALITY,ROW_QUALITY_ID,R_INV_MATERIAL_TYPE,ROW_QUALITY
78,R_RETENTION_PERIOD,RETENTION_PERIOD,R_ITEM_CATEGORY,RETENTION_PERIOD
79,R_ITEM_CATEGORY,ITEM_CATEGORY,R_ITEM_SUB_CATEGORY,ITEM_CATEGORY
80,R_PPDM_ROW_QUALITY,ROW_QUALITY_ID,R_LAND_BID_STATUS,ROW_QUALITY
81,R_PPDM_ROW_QUALITY,ROW_QUALITY_ID,R_LAND_CASH_BID_TYPE,ROW_QUALITY
82,R_SOURCE,SOURCE,R_LAND_CASH_BID_TYPE,SOURCE
83,R_SOURCE,SOURCE,R_LAND_PROPERTY_TYPE,SOURCE
84,R_SOURCE,SOURCE,R_LAND_RENTAL_TYPE,SOURCE
85,R_PPDM_ROW_QUALITY,ROW_QUALITY_ID,R_LITH_COLOR,ROW_QUALITY
86,R_SOURCE,SOURCE,R_LITH_COMPONENT,SOURCE
87,R_SOURCE,SOURCE,R_LITH_CONTAMINANT,SOURCE
88,R_PPDM_ROW_QUALITY,ROW_QUALITY_ID,R_LITH_CONTAMINANT,ROW_QUALITY
89,R_SOURCE,SOURCE,R_LITH_DISTRIBUTION,SOURCE
90,R_PPDM_ROW_QUALITY,ROW_QUALITY_ID,R_LITH_ROCK_TYPE,ROW_QUALITY
91,R_PPDM_ROW_QUALITY,ROW_QUALITY_ID,R_LITH_SORTING,ROW_QUALITY
92,R_SOURCE,SOURCE,R_LOCATION_QUALIFIER,SOURCE
93,R_SOURCE,SOURCE,R_LOCATION_QUALITY,SOURCE
94,R_SOURCE,SOURCE,R_LOG_ARRAY_DIMENSION,SOURCE
95,R_PPDM_ROW_QUALITY,ROW_QUALITY_ID,R_LOG_GOOD_VALUE_TYPE,ROW_QUALITY
96,R_PPDM_ROW_QUALITY,ROW_QUALITY_ID,R_LOG_POSITION_TYPE,ROW_QUALITY
97,R_PPDM_ROW_QUALITY,ROW_QUALITY_ID,R_LOST_MATERIAL_TYPE,ROW_QUALITY
98,R_PPDM_ROW_QUALITY,ROW_QUALITY_ID,R_LR_TERMIN_REQMT,ROW_QUALITY
99,R_PPDM_ROW_QUALITY,ROW_QUALITY_ID,R_LR_XREF_TYPE,ROW_QUALITY
100,R_PPDM_ROW_QUALITY,ROW_QUALITY_ID,R_MBAL_COMPRESS_TYPE,ROW_QUALITY
101,R_SOURCE,SOURCE,R_MBAL_CURVE_TYPE,SOURCE
102,R_PPDM_ROW_QUALITY,ROW_QUALITY_ID,R_MUD_LOG_COLOR,ROW_QUALITY
103,R_PPDM_ROW_QUALITY,ROW_QUALITY_ID,R_NODE_POSITION,ROW_QUALITY
104,R_SOURCE,SOURCE,R_NOTIFICATION_COMP_TYPE,SOURCE
105,R_PPDM_ROW_QUALITY,ROW_QUALITY_ID,R_NOTIFICATION_TYPE,ROW_QUALITY
106,R_SOURCE,SOURCE,R_NS_START_LINE,SOURCE
107,R_SOURCE,SOURCE,R_OBLIG_CALC_METHOD,SOURCE
108,R_SOURCE,SOURCE,R_OBLIG_CALC_POINT,SOURCE
109,R_SOURCE,SOURCE,R_OBLIG_COMPONENT_TYPE,SOURCE
110,R_PPDM_ROW_QUALITY,ROW_QUALITY_ID,R_OBLIG_TRIGGER,ROW_QUALITY
111,R_SOURCE,SOURCE,R_OIL_TYPE,SOURCE
112,R_PPDM_ROW_QUALITY,ROW_QUALITY_ID,R_PALEO_INTERP_TYPE,ROW_QUALITY
113,R_PPDM_ROW_QUALITY,ROW_QUALITY_ID,R_PAYMENT_TYPE,ROW_QUALITY
114,R_SOURCE,SOURCE,R_PAY_DETAIL_TYPE,SOURCE
115,R_PPDM_ROW_QUALITY,ROW_QUALITY_ID,R_PDEN_COMPONENT_TYPE,ROW_QUALITY
116,R_SOURCE,SOURCE,R_PDEN_STATUS,SOURCE
117,R_SOURCE,SOURCE,R_PDEN_XREF_TYPE,SOURCE
118,R_PPDM_ROW_QUALITY,ROW_QUALITY_ID,R_PHYSICAL_ITEM_STATUS,ROW_QUALITY
119,R_SOURCE,SOURCE,R_PHYSICAL_ITEM_STATUS,SOURCE
120,R_PPDM_ROW_QUALITY,ROW_QUALITY_ID,R_PICK_LOCATION,ROW_QUALITY
121,R_SOURCE,SOURCE,R_PPDM_AUDIT_TYPE,SOURCE
122,R_SOURCE,SOURCE,R_PPDM_BOOLEAN_RULE,SOURCE
123,R_PPDM_ROW_QUALITY,ROW_QUALITY_ID,R_PPDM_ENFORCE_METHOD,ROW_QUALITY
124,R_SOURCE,SOURCE,R_PPDM_GROUP_USE,SOURCE
125,R_SOURCE,SOURCE,R_PPDM_MAP_RULE_TYPE,SOURCE
126,R_PPDM_ROW_QUALITY,ROW_QUALITY_ID,R_PPDM_RDBMS,ROW_QUALITY
127,R_PPDM_ROW_QUALITY,ROW_QUALITY_ID,R_PPDM_SCHEMA_ENTITY,ROW_QUALITY
128,R_SOURCE,SOURCE,R_PPDM_SCHEMA_ENTITY,SOURCE
129,R_SOURCE,SOURCE,R_PPDM_UOM_USAGE,SOURCE
130,R_PPDM_ROW_QUALITY,ROW_QUALITY_ID,R_PROD_STRING_STAT_TYPE,ROW_QUALITY
131,R_PPDM_ROW_QUALITY,ROW_QUALITY_ID,R_PROJECT_ALIAS_TYPE,ROW_QUALITY
132,R_SOURCE,SOURCE,R_PROJECT_COMP_TYPE,SOURCE
133,R_SOURCE,SOURCE,R_PROJ_STEP_XREF_TYPE,SOURCE
134,R_SOURCE,SOURCE,R_RATE_SCHEDULE,SOURCE
135,R_PPDM_ROW_QUALITY,ROW_QUALITY_ID,R_RATE_SCHEDULE_COMP_TYPE,ROW_QUALITY
136,R_SOURCE,SOURCE,R_RATE_SCHED_XREF,SOURCE
137,R_SOURCE,SOURCE,R_RATIO_FLUID_TYPE,SOURCE
138,R_SOURCE,SOURCE,R_RECORDER_POSITION,SOURCE
139,R_SOURCE,SOURCE,R_RECORDER_TYPE,SOURCE
140,R_SOURCE,SOURCE,R_REPORT_HIER_TYPE,SOURCE
141,R_PPDM_ROW_QUALITY,ROW_QUALITY_ID,R_RESENT_GROUP_TYPE,ROW_QUALITY
142,R_SOURCE,SOURCE,R_RETENTION_PERIOD,SOURCE
143,R_SOURCE,SOURCE,R_REVISION_METHOD,SOURCE
144,R_SOURCE,SOURCE,R_RIG_OVERHEAD_CAPACITY,SOURCE
145,R_PPDM_ROW_QUALITY,ROW_QUALITY_ID,R_RIG_SWIVEL_TYPE,ROW_QUALITY
146,R_PPDM_ROW_QUALITY,ROW_QUALITY_ID,R_RMII_CONTENT_TYPE,ROW_QUALITY
147,R_PPDM_ROW_QUALITY,ROW_QUALITY_ID,R_RMII_DESC_TYPE,ROW_QUALITY
148,R_SOURCE,SOURCE,R_RMII_QUALITY_CODE,SOURCE
149,R_PPDM_ROW_QUALITY,ROW_QUALITY_ID,R_ROAD_TRAFFIC_FLOW_TYPE,ROW_QUALITY
150,R_PPDM_ROW_QUALITY,ROW_QUALITY_ID,R_SAMPLE_ANAL_COMP_TYPE,ROW_QUALITY
151,R_PPDM_ROW_QUALITY,ROW_QUALITY_ID,R_SAMPLE_WATER_TYPE,ROW_QUALITY
152,R_SOURCE,SOURCE,R_SCALE_TRANSFORM,SOURCE
153,R_SOURCE,SOURCE,R_SECTION_TYPE,SOURCE
154,R_SOURCE,SOURCE,R_SEIS_ACTIVITY_CLASS,SOURCE
155,R_PPDM_ROW_QUALITY,ROW_QUALITY_ID,R_SEIS_ACTIVITY_TYPE,ROW_QUALITY
156,R_PPDM_ROW_QUALITY,ROW_QUALITY_ID,R_SEIS_AUTHORIZE_LIMIT,ROW_QUALITY
157,R_SOURCE,SOURCE,R_SEIS_AUTHORIZE_REASON,SOURCE
158,R_PPDM_ROW_QUALITY,ROW_QUALITY_ID,R_SEIS_CABLE_MAKE,ROW_QUALITY
159,R_SOURCE,SOURCE,R_SEIS_LIC_COND,SOURCE
160,R_SOURCE,SOURCE,R_SEIS_LIC_COND_CODE,SOURCE
161,R_PPDM_ROW_QUALITY,ROW_QUALITY_ID,R_SEIS_LIC_DUE_CONDITION,ROW_QUALITY
162,R_SOURCE,SOURCE,R_SEIS_LIC_DUE_CONDITION,SOURCE
163,R_PPDM_ROW_QUALITY,ROW_QUALITY_ID,R_SEIS_PROC_STEP_TYPE,ROW_QUALITY
164,R_SOURCE,SOURCE,R_SEIS_RCVR_TYPE,SOURCE
165,R_PPDM_ROW_QUALITY,ROW_QUALITY_ID,R_SEIS_REF_DATUM,ROW_QUALITY
166,R_PPDM_ROW_QUALITY,ROW_QUALITY_ID,R_SEIS_STATION_TYPE,ROW_QUALITY
167,R_PPDM_ROW_QUALITY,ROW_QUALITY_ID,R_SEIS_STATUS,ROW_QUALITY
168,R_SOURCE,SOURCE,R_SERVICE_QUALITY,SOURCE
169,R_SOURCE,SOURCE,R_SF_AIRSTRIP_TYPE,SOURCE
170,R_PPDM_ROW_QUALITY,ROW_QUALITY_ID,R_SF_LANDING_TYPE,ROW_QUALITY
171,R_SOURCE,SOURCE,R_SF_LANDING_TYPE,SOURCE
172,R_PPDM_ROW_QUALITY,ROW_QUALITY_ID,R_SF_MAINTAIN_TYPE,ROW_QUALITY
173,R_PPDM_ROW_QUALITY,ROW_QUALITY_ID,R_SF_PAD_TYPE,ROW_QUALITY
174,R_PPDM_ROW_QUALITY,ROW_QUALITY_ID,R_SF_STATUS,ROW_QUALITY
175,R_PPDM_ROW_QUALITY,ROW_QUALITY_ID,R_SF_SURFACE_TYPE,ROW_QUALITY
176,R_SOURCE,SOURCE,R_SHOW_TYPE,SOURCE
177,R_SOURCE,SOURCE,R_SHUTIN_PRESS_TYPE,SOURCE
178,RM_PHYSICAL_ITEM,PHYSICAL_ITEM_ID,R_SOURCE_ORIGIN,PHYSICAL_ITEM_ID
179,R_PPDM_ROW_QUALITY,ROW_QUALITY_ID,R_SP_POINT_VERSION_TYPE,ROW_QUALITY
180,R_SOURCE,SOURCE,R_SP_ZONE_TYPE,SOURCE
181,R_SOURCE,SOURCE,R_STORE_STATUS,SOURCE
182,R_PPDM_ROW_QUALITY,ROW_QUALITY_ID,R_STRAT_ALIAS_TYPE,ROW_QUALITY
183,R_SOURCE,SOURCE,R_STRAT_DESC_TYPE,SOURCE
184,PPDM_PROPERTY_SET,PROPERTY_SET_ID,R_STRAT_DESC_TYPE,PROPERTY_SET_ID
185,R_PPDM_ROW_QUALITY,ROW_QUALITY_ID,R_STRAT_HIERARCHY,ROW_QUALITY
186,R_PPDM_ROW_QUALITY,ROW_QUALITY_ID,R_STRAT_STATUS,ROW_QUALITY
187,R_PPDM_ROW_QUALITY,ROW_QUALITY_ID,R_STRAT_TOPO_RELATION,ROW_QUALITY
188,R_SOURCE,SOURCE,R_STRAT_TYPE,SOURCE
189,R_SOURCE,SOURCE,R_STRAT_UNIT_QUALIFIER,SOURCE
190,R_PPDM_ROW_QUALITY,ROW_QUALITY_ID,R_STRAT_UNIT_TYPE,ROW_QUALITY
191,R_SOURCE,SOURCE,R_SW_APPLICATION,SOURCE
192,R_PPDM_ROW_QUALITY,ROW_QUALITY_ID,R_TEST_RESULT,ROW_QUALITY
193,R_PPDM_ROW_QUALITY,ROW_QUALITY_ID,R_TVD_METHOD,ROW_QUALITY
194,R_PPDM_ROW_QUALITY,ROW_QUALITY_ID,R_WASTE_FACILITY_TYPE,ROW_QUALITY
195,R_SOURCE,SOURCE,R_WASTE_HANDLING,SOURCE
196,R_SOURCE,SOURCE,R_WATER_DATUM,SOURCE
197,R_PPDM_ROW_QUALITY,ROW_QUALITY_ID,R_WELL_DOWNTIME_TYPE,ROW_QUALITY
198,R_PPDM_ROW_QUALITY,ROW_QUALITY_ID,R_WELL_LEVEL_TYPE,ROW_QUALITY
199,R_SOURCE,SOURCE,R_WELL_LIC_COND,SOURCE
200,R_PPDM_ROW_QUALITY,ROW_QUALITY_ID,R_WELL_LIC_COND_CODE,ROW_QUALITY
201,R_PPDM_ROW_QUALITY,ROW_QUALITY_ID,R_WELL_LIC_VIOL_RESOL,ROW_QUALITY
202,R_SOURCE,SOURCE,R_WELL_LIC_VIOL_RESOL,SOURCE
203,R_SOURCE,SOURCE,R_WELL_SERV_METRIC_CODE,SOURCE
204,R_SOURCE,SOURCE,R_WO_BA_ROLE,SOURCE
205,R_PPDM_ROW_QUALITY,ROW_QUALITY_ID,R_WO_BA_ROLE,ROW_QUALITY
206,R_SOURCE,SOURCE,R_WO_COMPONENT_TYPE,SOURCE
207,R_SOURCE,SOURCE,R_WO_CONDITION,SOURCE
208,R_SOURCE,SOURCE,R_ACCESS_CONDITION,SOURCE
209,R_PPDM_ROW_QUALITY,ROW_QUALITY_ID,R_AIR_GAS_CODE,ROW_QUALITY
210,R_PPDM_ROW_QUALITY,ROW_QUALITY_ID,R_AUTHOR_TYPE,ROW_QUALITY
211,R_PPDM_ROW_QUALITY,ROW_QUALITY_ID,R_BA_CATEGORY,ROW_QUALITY
212,R_SOURCE,SOURCE,R_BA_COMPONENT_TYPE,SOURCE
213,R_SOURCE,SOURCE,R_BA_LIC_DUE_CONDITION,SOURCE
214,R_SOURCE,SOURCE,R_BA_SERVICE_TYPE,SOURCE
215,R_SOURCE,SOURCE,R_BIT_CUT_STRUCT_INNER,SOURCE
216,R_PPDM_ROW_QUALITY,ROW_QUALITY_ID,R_BIT_CUT_STRUCT_OUTER,ROW_QUALITY
217,R_SOURCE,SOURCE,R_CAT_ADDITIVE_SPEC,SOURCE
218,R_PPDM_ROW_QUALITY,ROW_QUALITY_ID,R_CAT_ADDITIVE_XREF,ROW_QUALITY
219,R_SOURCE,SOURCE,R_CAT_EQUIP_SPEC,SOURCE
220,R_PPDM_ROW_QUALITY,ROW_QUALITY_ID,R_CLASS_DESC_PROPERTY,ROW_QUALITY
221,R_SOURCE,SOURCE,R_CLASS_LEV_XREF_TYPE,SOURCE
222,R_PPDM_ROW_QUALITY,ROW_QUALITY_ID,R_CLASS_SYSTEM_DIMENSION,ROW_QUALITY
223,R_SOURCE,SOURCE,R_CLASS_SYST_XREF_TYPE,SOURCE
224,R_SOURCE,SOURCE,R_CONFIDENCE_TYPE,SOURCE
225,R_PPDM_ROW_QUALITY,ROW_QUALITY_ID,R_CONFIDENTIAL_REASON,ROW_QUALITY
226,R_PPDM_ROW_QUALITY,ROW_QUALITY_ID,R_CONSENT_COMP_TYPE,ROW_QUALITY
227,R_PPDM_ROW_QUALITY,ROW_QUALITY_ID,R_CONSENT_REMARK,ROW_QUALITY
228,R_PPDM_ROW_QUALITY,ROW_QUALITY_ID,R_CONSENT_TYPE,ROW_QUALITY
229,R_SOURCE,SOURCE,R_CONSULT_ISSUE_TYPE,SOURCE
230,R_PPDM_ROW_QUALITY,ROW_QUALITY_ID,R_CONTAMINANT_TYPE,ROW_QUALITY
231,R_PPDM_ROW_QUALITY,ROW_QUALITY_ID,R_CONTEST_PARTY_ROLE,ROW_QUALITY
232,R_PPDM_ROW_QUALITY,ROW_QUALITY_ID,R_CONT_PROV_XREF_TYPE,ROW_QUALITY
233,R_SOURCE,SOURCE,R_CONT_TYPE,SOURCE
234,R_PPDM_ROW_QUALITY,ROW_QUALITY_ID,R_CONT_VOTE_RESPONSE,ROW_QUALITY
235,R_SOURCE,SOURCE,R_COORD_SYSTEM_TYPE,SOURCE
236,R_PPDM_ROW_QUALITY,ROW_QUALITY_ID,R_CORE_SAMPLE_TYPE,ROW_QUALITY
237,R_SOURCE,SOURCE,R_CORE_TYPE,SOURCE
238,R_SOURCE,SOURCE,R_CREATOR_TYPE,SOURCE
239,R_SOURCE,SOURCE,R_CUSHION_TYPE,SOURCE
240,R_SOURCE,SOURCE,R_DATA_CIRC_STATUS,SOURCE
241,R_PPDM_ROW_QUALITY,ROW_QUALITY_ID,R_DATE_FORMAT_TYPE,ROW_QUALITY
242,R_SOURCE,SOURCE,R_DECLINE_COND_CODE,SOURCE
243,R_SOURCE,SOURCE,R_DECLINE_TYPE,SOURCE
244,R_PPDM_ROW_QUALITY,ROW_QUALITY_ID,R_DIR_SRVY_COMPUTE,ROW_QUALITY
245,R_SOURCE,SOURCE,R_DIR_SRVY_COMPUTE,SOURCE
246,R_SOURCE,SOURCE,R_DOCUMENT_TYPE,SOURCE
247,R_PPDM_ROW_QUALITY,ROW_QUALITY_ID,R_DRILLING_MEDIA,ROW_QUALITY
248,R_PPDM_ROW_QUALITY,ROW_QUALITY_ID,R_DRILL_BIT_DETAIL_CODE,ROW_QUALITY
249,R_PPDM_ROW_QUALITY,ROW_QUALITY_ID,R_DRILL_BIT_JET_TYPE,ROW_QUALITY
250,R_PPDM_ROW_QUALITY,ROW_QUALITY_ID,R_DRILL_BIT_TYPE,ROW_QUALITY
251,R_DRILL_STAT_TYPE,STATISTIC_TYPE,R_DRILL_STAT_CODE,STATISTIC_TYPE
252,R_SOURCE,SOURCE,R_ECONOMIC_SCHEDULE,SOURCE
253,R_SOURCE,SOURCE,R_ECOZONE_XREF,SOURCE
254,R_SOURCE,SOURCE,R_EMPLOYEE_POSITION,SOURCE
255,R_SOURCE,SOURCE,R_EQUIP_BA_ROLE_TYPE,SOURCE
256,R_SOURCE,SOURCE,R_EQUIP_STATUS,SOURCE
257,R_SOURCE,SOURCE,R_EQUIP_STATUS_TYPE,SOURCE
258,R_PPDM_ROW_QUALITY,ROW_QUALITY_ID,R_FAC_FUNCTION,ROW_QUALITY
259,R_FAC_LIC_COND,CONDITION_TYPE,R_FAC_LIC_COND_CODE,CONDITION_TYPE
260,R_PPDM_ROW_QUALITY,ROW_QUALITY_ID,R_FAC_LIC_VIOLATION_TYPE,ROW_QUALITY
261,R_PPDM_ROW_QUALITY,ROW_QUALITY_ID,R_FIELD_STATION_TYPE,ROW_QUALITY
262,R_PPDM_ROW_QUALITY,ROW_QUALITY_ID,R_FIELD_TYPE,ROW_QUALITY
263,R_SOURCE,SOURCE,R_FIN_COMPONENT_TYPE,SOURCE
264,R_SOURCE,SOURCE,R_FIN_XREF_TYPE,SOURCE
265,R_PPDM_ROW_QUALITY,ROW_QUALITY_ID,R_FLUID_TYPE,ROW_QUALITY
266,R_SOURCE,SOURCE,R_FOS_TAXON_LEVEL,SOURCE
267,R_PPDM_ROW_QUALITY,ROW_QUALITY_ID,R_INCIDENT_CAUSE_TYPE,ROW_QUALITY
268,R_PPDM_ROW_QUALITY,ROW_QUALITY_ID,R_INCIDENT_INTERACT_TYPE,ROW_QUALITY
269,R_SOURCE,SOURCE,R_INCIDENT_INTERACT_TYPE,SOURCE
270,R_SOURCE,SOURCE,R_INCIDENT_SUBSTANCE,SOURCE
271,R_PPDM_ROW_QUALITY,ROW_QUALITY_ID,R_INPUT_TYPE,ROW_QUALITY
272,R_SOURCE,SOURCE,R_INSP_STATUS,SOURCE
273,R_PPDM_ROW_QUALITY,ROW_QUALITY_ID,R_INST_DETAIL_TYPE,ROW_QUALITY
274,R_SOURCE,SOURCE,R_INTERP_TYPE,SOURCE
275,PPDM_PROPERTY_SET,PROPERTY_SET_ID,R_INTERP_TYPE,PROPERTY_SET_ID
276,R_PPDM_ROW_QUALITY,ROW_QUALITY_ID,R_INT_SET_STATUS_TYPE,ROW_QUALITY
277,R_PPDM_ROW_QUALITY,ROW_QUALITY_ID,R_ITEM_SUB_CATEGORY,ROW_QUALITY
278,R_PPDM_ROW_QUALITY,ROW_QUALITY_ID,R_LAND_CASE_TYPE,ROW_QUALITY
279,R_SOURCE,SOURCE,R_LAND_OFFRING_STATUS,SOURCE
280,R_PPDM_ROW_QUALITY,ROW_QUALITY_ID,R_LAND_OFFRING_TYPE,ROW_QUALITY
281,R_SOURCE,SOURCE,R_LAND_OFFRING_TYPE,SOURCE
282,R_SOURCE,SOURCE,R_LAND_REQUEST_TYPE,SOURCE
283,R_PPDM_ROW_QUALITY,ROW_QUALITY_ID,R_LAND_RIGHT_CATEGORY,ROW_QUALITY
284,R_SOURCE,SOURCE,R_LAND_RIGHT_CATEGORY,SOURCE
285,R_PPDM_ROW_QUALITY,ROW_QUALITY_ID,R_LAND_RIGHT_STATUS,ROW_QUALITY
286,R_SOURCE,SOURCE,R_LAND_TITLE_CHG_RSN,SOURCE
287,R_SOURCE,SOURCE,R_LAND_WELL_REL_TYPE,SOURCE
288,R_PPDM_ROW_QUALITY,ROW_QUALITY_ID,R_LEASE_UNIT_TYPE,ROW_QUALITY
289,R_SOURCE,SOURCE,R_LITH_INTENSITY,SOURCE
290,R_PPDM_ROW_QUALITY,ROW_QUALITY_ID,R_LITH_LOG_COMP_TYPE,ROW_QUALITY
291,R_SOURCE,SOURCE,R_LR_TERMIN_TYPE,SOURCE
292,R_PPDM_ROW_QUALITY,ROW_QUALITY_ID,R_MISC_DATA_CODE,ROW_QUALITY
293,R_PPDM_ROW_QUALITY,ROW_QUALITY_ID,R_MONTH,ROW_QUALITY
294,R_SOURCE,SOURCE,R_MUD_PROPERTY_CODE,SOURCE
295,R_MUD_PROPERTY_TYPE,MUD_PROPERTY,R_MUD_PROPERTY_CODE,MUD_PROPERTY
296,R_PPDM_ROW_QUALITY,ROW_QUALITY_ID,R_MUD_PROPERTY_REF,ROW_QUALITY
297,R_PPDM_ROW_QUALITY,ROW_QUALITY_ID,R_OBLIG_COMP_REASON,ROW_QUALITY
298,R_PPDM_ROW_QUALITY,ROW_QUALITY_ID,R_OBLIG_DEDUCT_CALC,ROW_QUALITY
299,R_SOURCE,SOURCE,R_OBLIG_DEDUCT_CALC,SOURCE
300,R_PPDM_ROW_QUALITY,ROW_QUALITY_ID,R_OBLIG_PARTY_TYPE,ROW_QUALITY
301,R_PPDM_ROW_QUALITY,ROW_QUALITY_ID,R_OBLIG_SUSPEND_PAY,ROW_QUALITY
302,R_PPDM_ROW_QUALITY,ROW_QUALITY_ID,R_PALEO_TYPE_FOSSIL,ROW_QUALITY
303,R_SOURCE,SOURCE,R_PARCEL_LOT_TYPE,SOURCE
304,R_PPDM_ROW_QUALITY,ROW_QUALITY_ID,R_PAYZONE_TYPE,ROW_QUALITY
305,R_PPDM_ROW_QUALITY,ROW_QUALITY_ID,R_PAY_METHOD,ROW_QUALITY
306,R_SOURCE,SOURCE,R_PAY_RATE_TYPE,SOURCE
307,R_PPDM_ROW_QUALITY,ROW_QUALITY_ID,R_PDEN_STATUS,ROW_QUALITY
308,R_PPDM_ROW_QUALITY,ROW_QUALITY_ID,R_PDEN_STATUS_TYPE,ROW_QUALITY
309,R_SOURCE,SOURCE,R_PPDM_AUDIT_REASON,SOURCE
310,R_PPDM_ROW_QUALITY,ROW_QUALITY_ID,R_PPDM_AUDIT_TYPE,ROW_QUALITY
311,R_PPDM_ROW_QUALITY,ROW_QUALITY_ID,R_PPDM_BOOLEAN_RULE,ROW_QUALITY
312,R_SOURCE,SOURCE,R_PPDM_FAIL_RESULT,SOURCE
313,R_SOURCE,SOURCE,R_PPDM_MAP_TYPE,SOURCE
314,R_PPDM_METRIC_TYPE,METRIC_TYPE,R_PPDM_METRIC_CODE,METRIC_TYPE
315,R_PPDM_ROW_QUALITY,ROW_QUALITY_ID,R_PPDM_OBJECT_TYPE,ROW_QUALITY
316,R_SOURCE,SOURCE,R_PPDM_PROC_TYPE,SOURCE
317,R_SOURCE,SOURCE,R_PPDM_REF_VALUE_TYPE,SOURCE
318,R_PPDM_ROW_QUALITY,ROW_QUALITY_ID,R_PPDM_RULE_PURPOSE,ROW_QUALITY
319,R_SOURCE,SOURCE,R_PPDM_RULE_PURPOSE,SOURCE
320,R_SOURCE,SOURCE,R_PPDM_RULE_XREF_COND,SOURCE
321,R_SOURCE,SOURCE,R_PRESERVE_TYPE,SOURCE
322,R_SOURCE,SOURCE,R_PRODUCTION_METHOD,SOURCE
323,R_PPDM_ROW_QUALITY,ROW_QUALITY_ID,R_PROD_STRING_COMP_TYPE,ROW_QUALITY
324,R_PPDM_ROW_QUALITY,ROW_QUALITY_ID,R_PROD_STR_FM_STAT_TYPE,ROW_QUALITY
325,R_SOURCE,SOURCE,R_PROD_STR_FM_STAT_TYPE,SOURCE
326,R_PPDM_ROW_QUALITY,ROW_QUALITY_ID,R_PROJECTION_TYPE,ROW_QUALITY
327,R_SOURCE,SOURCE,R_PROJECT_COMP_REASON,SOURCE
328,R_SOURCE,SOURCE,R_PROJECT_STATUS,SOURCE
329,R_PPDM_ROW_QUALITY,ROW_QUALITY_ID,R_PROJECT_STATUS_TYPE,ROW_QUALITY
330,R_PPDM_ROW_QUALITY,ROW_QUALITY_ID,R_RATIO_CURVE_TYPE,ROW_QUALITY
331,R_PPDM_ROW_QUALITY,ROW_QUALITY_ID,R_RECORDER_TYPE,ROW_QUALITY
332,R_PPDM_ROW_QUALITY,ROW_QUALITY_ID,R_RESENT_USE_TYPE,ROW_QUALITY
333,R_SOURCE,SOURCE,R_RESENT_VOL_METHOD,SOURCE
334,R_PPDM_ROW_QUALITY,ROW_QUALITY_ID,R_REST_ACTIVITY,ROW_QUALITY
335,R_PPDM_ROW_QUALITY,ROW_QUALITY_ID,R_REVISION_METHOD,ROW_QUALITY
336,R_PPDM_ROW_QUALITY,ROW_QUALITY_ID,R_RIG_CLASS,ROW_QUALITY
337,R_SOURCE,SOURCE,R_RIG_CODE,SOURCE
338,R_PPDM_ROW_QUALITY,ROW_QUALITY_ID,R_RIG_HOOKBLOCK_TYPE,ROW_QUALITY
339,R_PPDM_ROW_QUALITY,ROW_QUALITY_ID,R_RIG_OVERHEAD_TYPE,ROW_QUALITY
340,R_PPDM_ROW_QUALITY,ROW_QUALITY_ID,R_RMII_METADATA_TYPE,ROW_QUALITY
341,R_PPDM_ROW_QUALITY,ROW_QUALITY_ID,R_ROAD_CONDITION,ROW_QUALITY
342,R_PPDM_ROW_QUALITY,ROW_QUALITY_ID,R_ROAD_DRIVING_SIDE,ROW_QUALITY
343,R_PPDM_ROW_QUALITY,ROW_QUALITY_ID,R_SAMPLE_COLLECTION_TYPE,ROW_QUALITY
344,R_SOURCE,SOURCE,R_SCREEN_LOCATION,SOURCE
345,R_PPDM_ROW_QUALITY,ROW_QUALITY_ID,R_SECTION_TYPE,ROW_QUALITY
346,R_SOURCE,SOURCE,R_SEISMIC_PATH,SOURCE
347,R_SEIS_ACTIVITY_CLASS,SEIS_ACTIVITY_CLASS,R_SEIS_ACTIVITY_TYPE,SEIS_ACTIVITY_CLASS
348,R_SOURCE,SOURCE,R_SEIS_DIMENSION,SOURCE
349,R_PPDM_ROW_QUALITY,ROW_QUALITY_ID,R_SEIS_FLOW_DESC_TYPE,ROW_QUALITY
350,R_PPDM_ROW_QUALITY,ROW_QUALITY_ID,R_SEIS_GROUP_TYPE,ROW_QUALITY
351,R_PPDM_ROW_QUALITY,ROW_QUALITY_ID,R_SEIS_PICK_METHOD,ROW_QUALITY
352,R_SOURCE,SOURCE,R_SEIS_PROC_COMP_TYPE,SOURCE
353,R_SOURCE,SOURCE,R_SEIS_PROC_SET_TYPE,SOURCE
354,R_PPDM_ROW_QUALITY,ROW_QUALITY_ID,R_SEIS_PROC_STEP_NAME,ROW_QUALITY
355,R_SOURCE,SOURCE,R_SEIS_RCVR_ARRY_TYPE,SOURCE
356,R_SOURCE,SOURCE,R_SEIS_SET_COMPONENT_TYPE,SOURCE
357,R_SOURCE,SOURCE,R_SEIS_STATION_TYPE,SOURCE
358,R_SOURCE,SOURCE,R_SEIS_STATUS,SOURCE
359,R_SOURCE,SOURCE,R_SEIS_SWEEP_TYPE,SOURCE
360,R_PPDM_ROW_QUALITY,ROW_QUALITY_ID,R_SF_AIRSTRIP_TYPE,ROW_QUALITY
361,R_PPDM_ROW_QUALITY,ROW_QUALITY_ID,R_SF_COMPONENT_TYPE,ROW_QUALITY
362,R_PPDM_ROW_QUALITY,ROW_QUALITY_ID,R_SF_DESC_TYPE,ROW_QUALITY
363,R_PPDM_ROW_QUALITY,ROW_QUALITY_ID,R_SF_TOWER_TYPE,ROW_QUALITY
364,R_SOURCE,SOURCE,R_SF_XREF_TYPE,SOURCE
365,R_SOURCE,SOURCE,R_SPATIAL_DESC_COMP_TYPE,SOURCE
366,R_SOURCE,SOURCE,R_STRAT_ALIAS_TYPE,SOURCE
367,R_PPDM_ROW_QUALITY,ROW_QUALITY_ID,R_STRAT_CORR_TYPE,ROW_QUALITY
368,R_PPDM_ROW_QUALITY,ROW_QUALITY_ID,R_STRAT_DESC_TYPE,ROW_QUALITY
369,R_SOURCE,SOURCE,R_STRAT_INTERP_METHOD,SOURCE
370,R_PPDM_ROW_QUALITY,ROW_QUALITY_ID,R_STRAT_NAME_SET_TYPE,ROW_QUALITY
371,R_PPDM_ROW_QUALITY,ROW_QUALITY_ID,R_STRAT_UNIT_COMP_TYPE,ROW_QUALITY
372,R_PPDM_ROW_QUALITY,ROW_QUALITY_ID,R_STREAMER_COMP,ROW_QUALITY
373,R_PPDM_ROW_QUALITY,ROW_QUALITY_ID,R_TEST_PERIOD_TYPE,ROW_QUALITY
374,R_SOURCE,SOURCE,R_TEST_RECOV_METHOD,SOURCE
375,R_SOURCE,SOURCE,R_TIMEZONE,SOURCE
376,R_PPDM_ROW_QUALITY,ROW_QUALITY_ID,R_TRACE_HEADER_FORMAT,ROW_QUALITY
377,R_PPDM_ROW_QUALITY,ROW_QUALITY_ID,R_TRANS_COMP_TYPE,ROW_QUALITY
378,R_PPDM_ROW_QUALITY,ROW_QUALITY_ID,R_TREATMENT_FLUID,ROW_QUALITY
379,R_SOURCE,SOURCE,R_TREATMENT_FLUID,SOURCE
380,R_SOURCE,SOURCE,R_TUBING_GRADE,SOURCE
381,R_PPDM_ROW_QUALITY,ROW_QUALITY_ID,R_VELOCITY_COMPUTE,ROW_QUALITY
382,R_SOURCE,SOURCE,R_VELOCITY_COMPUTE,SOURCE
383,R_PPDM_ROW_QUALITY,ROW_QUALITY_ID,R_VERTICAL_DATUM_TYPE,ROW_QUALITY
384,R_SOURCE,SOURCE,R_VESSEL_REFERENCE,SOURCE
385,R_WELL_ACTIVITY_CAUSE,CAUSE_TYPE,R_WELL_ACTIVITY_CAUSE,PARENT_CAUSE_TYPE
386,R_SOURCE,SOURCE,R_WELL_ACT_TYPE_EQUIV,SOURCE
387,R_PPDM_ROW_QUALITY,ROW_QUALITY_ID,R_WELL_ALIAS_LOCATION,ROW_QUALITY
388,R_SOURCE,SOURCE,R_WELL_LIC_COND_CODE,SOURCE
389,R_PPDM_ROW_QUALITY,ROW_QUALITY_ID,R_WELL_LIC_DUE_CONDITION,ROW_QUALITY
390,R_SOURCE,SOURCE,R_WELL_LIC_DUE_CONDITION,SOURCE
391,R_PPDM_ROW_QUALITY,ROW_QUALITY_ID,R_WELL_PROFILE_TYPE,ROW_QUALITY
392,R_SOURCE,SOURCE,R_WELL_PROFILE_TYPE,SOURCE
393,R_PPDM_ROW_QUALITY,ROW_QUALITY_ID,R_WELL_SF_USE_TYPE,ROW_QUALITY
394,R_PPDM_ROW_QUALITY,ROW_QUALITY_ID,R_WELL_STATUS,ROW_QUALITY
395,R_STATUS_GROUP,STATUS_GROUP,R_WELL_STATUS,STATUS_GROUP
396,R_PPDM_ROW_QUALITY,ROW_QUALITY_ID,R_WIND_STRENGTH,ROW_QUALITY
397,R_SOURCE,SOURCE,R_WO_INSTRUCTION,SOURCE
398,R_SOURCE,SOURCE,R_WO_TYPE,SOURCE
399,R_SOURCE,SOURCE,R_ACTIVITY_TYPE,SOURCE
400,R_SOURCE,SOURCE,R_ADDITIVE_METHOD,SOURCE
401,R_PPDM_ROW_QUALITY,ROW_QUALITY_ID,R_ADDITIVE_METHOD,ROW_QUALITY
402,R_PPDM_ROW_QUALITY,ROW_QUALITY_ID,R_AIRCRAFT_TYPE,ROW_QUALITY
403,R_SOURCE,SOURCE,R_ALIAS_REASON_TYPE,SOURCE
404,R_SOURCE,SOURCE,R_ANALYSIS_PROPERTY,SOURCE
405,R_ANALYSIS_PROPERTY,ANALYSIS_PROPERTY,R_ANAL_PROPERTY_CODE,ANALYSIS_PROPERTY
406,R_SOURCE,SOURCE,R_AOF_ANALYSIS_TYPE,SOURCE
407,R_PPDM_ROW_QUALITY,ROW_QUALITY_ID,R_API_LOG_SYSTEM,ROW_QUALITY
408,R_PPDM_ROW_QUALITY,ROW_QUALITY_ID,R_APPLIC_DECISION,ROW_QUALITY
409,R_PPDM_ROW_QUALITY,ROW_QUALITY_ID,R_AREA_TYPE,ROW_QUALITY
410,R_SOURCE,SOURCE,R_BIT_REASON_PULLED,SOURCE
411,R_PPDM_ROW_QUALITY,ROW_QUALITY_ID,R_CAT_EQUIP_SPEC_CODE,ROW_QUALITY
412,R_SOURCE,SOURCE,R_CAT_EQUIP_TYPE,SOURCE
413,R_SOURCE,SOURCE,R_CODE_VERSION_XREF_TYPE,SOURCE
414,R_COMPLETION_STATUS_TYPE,STATUS_TYPE,R_COMPLETION_STATUS,STATUS_TYPE
415,R_SOURCE,SOURCE,R_CONDITION_TYPE,SOURCE
416,R_SOURCE,SOURCE,R_CONFORMITY_RELATION,SOURCE
417,R_SOURCE,SOURCE,R_CONSULT_COMP_TYPE,SOURCE
418,R_SOURCE,SOURCE,R_CONSULT_REASON,SOURCE
419,R_SOURCE,SOURCE,R_CONTAMINANT_TYPE,SOURCE
420,R_SOURCE,SOURCE,R_CONTEST_PARTY_ROLE,SOURCE
421,R_SOURCE,SOURCE,R_CONT_EXTEND_COND,SOURCE
422,R_PPDM_ROW_QUALITY,ROW_QUALITY_ID,R_CONT_INSUR_ELECT,ROW_QUALITY
423,R_SOURCE,SOURCE,R_CONT_PROV_XREF_TYPE,SOURCE
424,R_SOURCE,SOURCE,R_COUPLING_TYPE,SOURCE
425,R_SOURCE,SOURCE,R_CS_TRANSFORM_TYPE,SOURCE
426,SOURCE_DOCUMENT,SOURCE_DOCUMENT,R_CS_TRANSFORM_TYPE,SOURCE_DOCUMENT
427,R_SOURCE,SOURCE,R_CURVE_TYPE,SOURCE
428,R_SOURCE,SOURCE,R_DATA_STORE_TYPE,SOURCE
429,R_SOURCE,SOURCE,R_DATUM_ORIGIN,SOURCE
430,R_PPDM_ROW_QUALITY,ROW_QUALITY_ID,R_DECLINE_COND_CODE,ROW_QUALITY
431,R_PPDM_ROW_QUALITY,ROW_QUALITY_ID,R_DIGITAL_FORMAT,ROW_QUALITY
432,R_SOURCE,SOURCE,R_DOC_STATUS,SOURCE
433,R_SOURCE,SOURCE,R_DRILL_BIT_CONDITION,SOURCE
434,R_DRILL_BIT_DETAIL_TYPE,BIT_DETAIL_TYPE,R_DRILL_BIT_DETAIL_CODE,BIT_DETAIL_TYPE
435,R_SOURCE,SOURCE,R_DRILL_BIT_JET_TYPE,SOURCE
436,R_SOURCE,SOURCE,R_DRILL_TOOL_TYPE,SOURCE
437,R_PPDM_ROW_QUALITY,ROW_QUALITY_ID,R_ENHANCED_REC_TYPE,ROW_QUALITY
438,R_PPDM_ROW_QUALITY,ROW_QUALITY_ID,R_EQUIP_COMPONENT_TYPE,ROW_QUALITY
439,R_SOURCE,SOURCE,R_EQUIP_MAINT_REASON,SOURCE
440,R_SOURCE,SOURCE,R_EQUIP_REMOVE_REASON,SOURCE
441,R_PPDM_ROW_QUALITY,ROW_QUALITY_ID,R_EQUIP_SPEC,ROW_QUALITY
442,R_SOURCE,SOURCE,R_EQUIP_XREF_TYPE,SOURCE
443,R_SOURCE,SOURCE,R_FACILITY_CLASS,SOURCE
444,R_PPDM_ROW_QUALITY,ROW_QUALITY_ID,R_FACILITY_SPEC_TYPE,ROW_QUALITY
445,R_SOURCE,SOURCE,R_FACILITY_SPEC_TYPE,SOURCE
446,R_SOURCE,SOURCE,R_FACILITY_STATUS,SOURCE
447,R_PPDM_ROW_QUALITY,ROW_QUALITY_ID,R_FAC_LIC_EXTEND_TYPE,ROW_QUALITY
448,R_SOURCE,SOURCE,R_FAC_MAINT_STATUS_TYPE,SOURCE
449,R_PPDM_ROW_QUALITY,ROW_QUALITY_ID,R_FAC_STATUS_TYPE,ROW_QUALITY
450,R_SOURCE,SOURCE,R_FIN_TYPE,SOURCE
451,R_SOURCE,SOURCE,R_FONT,SOURCE
452,R_SOURCE,SOURCE,R_FONT_EFFECT,SOURCE
453,R_SOURCE,SOURCE,R_FOOTAGE_ORIGIN,SOURCE
454,R_PPDM_ROW_QUALITY,ROW_QUALITY_ID,R_FOS_ASSEMBLAGE_TYPE,ROW_QUALITY
455,R_FOS_DESC_TYPE,DESCRIPTION_TYPE,R_FOS_DESC_CODE,DESCRIPTION_TYPE
456,R_PPDM_ROW_QUALITY,ROW_QUALITY_ID,R_FOS_DESC_TYPE,ROW_QUALITY
457,R_SOURCE,SOURCE,R_FOS_TAI_COLOR,SOURCE
458,R_SOURCE,SOURCE,R_FOS_XREF,SOURCE
459,R_PPDM_ROW_QUALITY,ROW_QUALITY_ID,R_GEOMETRY_TYPE,ROW_QUALITY
460,R_SOURCE,SOURCE,R_HORIZ_DRILL_TYPE,SOURCE
461,R_PPDM_ROW_QUALITY,ROW_QUALITY_ID,R_HSE_INCIDENT_COMP_TYPE,ROW_QUALITY
462,R_SOURCE,SOURCE,R_HSE_INCIDENT_COMP_TYPE,SOURCE
463,R_SOURCE,SOURCE,R_HSE_INCIDENT_DETAIL,SOURCE
464,R_PPDM_ROW_QUALITY,ROW_QUALITY_ID,R_INCIDENT_RESP_RESULT,ROW_QUALITY
465,R_SOURCE,SOURCE,R_INSP_COMP_TYPE,SOURCE
466,R_SOURCE,SOURCE,R_INST_DETAIL_REF_VALUE,SOURCE
467,R_PPDM_ROW_QUALITY,ROW_QUALITY_ID,R_INTERP_TYPE,ROW_QUALITY
468,R_PPDM_ROW_QUALITY,ROW_QUALITY_ID,R_INT_SET_COMPONENT,ROW_QUALITY
469,R_PPDM_ROW_QUALITY,ROW_QUALITY_ID,R_INT_SET_ROLE,ROW_QUALITY
470,R_SOURCE,SOURCE,R_INT_SET_ROLE,SOURCE
471,R_SOURCE,SOURCE,R_ITEM_SUB_CATEGORY,SOURCE
472,R_SOURCE,SOURCE,R_LAND_CASE_ACTION,SOURCE
473,R_PPDM_ROW_QUALITY,ROW_QUALITY_ID,R_LAND_RENTAL_TYPE,ROW_QUALITY
474,R_LAND_STATUS_TYPE,STATUS_TYPE,R_LAND_RIGHT_STATUS,STATUS_TYPE
475,R_SOURCE,SOURCE,R_LAND_UNIT_TYPE,SOURCE
476,R_SOURCE,SOURCE,R_LANGUAGE,SOURCE
477,R_PPDM_ROW_QUALITY,ROW_QUALITY_ID,R_LEASE_UNIT_STATUS,ROW_QUALITY
478,R_PPDM_ROW_QUALITY,ROW_QUALITY_ID,R_LIC_STATUS_TYPE,ROW_QUALITY
479,R_PPDM_ROW_QUALITY,ROW_QUALITY_ID,R_LITH_COMPONENT,ROW_QUALITY
480,R_SOURCE,SOURCE,R_LITH_DIAGENESIS,SOURCE
481,R_SOURCE,SOURCE,R_LITH_STRUCTURE,SOURCE
482,R_SOURCE,SOURCE,R_LOG_CRV_CLASS_SYSTEM,SOURCE
483,R_PPDM_ROW_QUALITY,ROW_QUALITY_ID,R_LOG_DIRECTION,ROW_QUALITY
484,R_SOURCE,SOURCE,R_LOG_MATRIX,SOURCE
485,R_SOURCE,SOURCE,R_LOG_TOOL_TYPE,SOURCE
486,R_SOURCE,SOURCE,R_LOST_MATERIAL_TYPE,SOURCE
487,R_PPDM_ROW_QUALITY,ROW_QUALITY_ID,R_LR_FIELD_XREF,ROW_QUALITY
488,R_PPDM_ROW_QUALITY,ROW_QUALITY_ID,R_MEDIA_TYPE,ROW_QUALITY
489,R_SOURCE,SOURCE,R_MISC_DATA_TYPE,SOURCE
490,R_PPDM_ROW_QUALITY,ROW_QUALITY_ID,R_MUD_PROPERTY_TYPE,ROW_QUALITY
491,R_SOURCE,SOURCE,R_NORTH,SOURCE
492,R_PPDM_ROW_QUALITY,ROW_QUALITY_ID,R_OBLIG_CATEGORY,ROW_QUALITY
493,R_SOURCE,SOURCE,R_OBLIG_CATEGORY,SOURCE
494,R_PPDM_ROW_QUALITY,ROW_QUALITY_ID,R_OBLIG_COMPONENT_TYPE,ROW_QUALITY
495,R_SOURCE,SOURCE,R_OBLIG_PARTY_TYPE,SOURCE
496,R_SOURCE,SOURCE,R_OBLIG_REMARK_TYPE,SOURCE
497,R_PPDM_ROW_QUALITY,ROW_QUALITY_ID,R_OPERAND_QUALIFIER,ROW_QUALITY
498,R_PPDM_ROW_QUALITY,ROW_QUALITY_ID,R_PAL_SUM_COMP_TYPE,ROW_QUALITY
499,R_SOURCE,SOURCE,R_PAL_SUM_COMP_TYPE,SOURCE
500,R_PPDM_ROW_QUALITY,ROW_QUALITY_ID,R_PAL_SUM_XREF_TYPE,ROW_QUALITY
501,R_SOURCE,SOURCE,R_PAL_SUM_XREF_TYPE,SOURCE
502,R_SOURCE,SOURCE,R_PAYZONE_TYPE,SOURCE
503,R_SOURCE,SOURCE,R_PDEN_AMEND_REASON,SOURCE
504,R_SOURCE,SOURCE,R_PERFORATION_METHOD,SOURCE
505,R_PPDM_ROW_QUALITY,ROW_QUALITY_ID,R_PERFORATION_TYPE,ROW_QUALITY
506,R_PPDM_ROW_QUALITY,ROW_QUALITY_ID,R_PICK_QUALIFIER,ROW_QUALITY
507,R_SOURCE,SOURCE,R_PICK_QUALIFIER,SOURCE
508,R_SOURCE,SOURCE,R_PLUG_TYPE,SOURCE
509,R_PPDM_ROW_QUALITY,ROW_QUALITY_ID,R_POOL_COMPONENT_TYPE,ROW_QUALITY
510,R_PPDM_ROW_QUALITY,ROW_QUALITY_ID,R_PPDM_FAIL_RESULT,ROW_QUALITY
511,R_SOURCE,SOURCE,R_PPDM_GROUP_XREF_TYPE,SOURCE
512,R_PPDM_ROW_QUALITY,ROW_QUALITY_ID,R_PPDM_MAP_TYPE,ROW_QUALITY
513,PPDM_PROPERTY_SET,PROPERTY_SET_ID,R_PPDM_METRIC_TYPE,PROPERTY_SET_ID
514,R_PPDM_ROW_QUALITY,ROW_QUALITY_ID,R_PPDM_OPERATING_SYSTEM,ROW_QUALITY
515,R_SOURCE,SOURCE,R_PPDM_OPERATING_SYSTEM,SOURCE
516,R_SOURCE,SOURCE,R_PPDM_SCHEMA_GROUP,SOURCE
517,R_PPDM_ROW_QUALITY,ROW_QUALITY_ID,R_PPDM_TABLE_TYPE,ROW_QUALITY
518,R_SOURCE,SOURCE,R_PRESERVE_QUALITY,SOURCE
519,R_PPDM_ROW_QUALITY,ROW_QUALITY_ID,R_PRESERVE_TYPE,ROW_QUALITY
520,R_PPDM_ROW_QUALITY,ROW_QUALITY_ID,R_PRODUCT_COMPONENT_TYPE,ROW_QUALITY
521,R_PPDM_ROW_QUALITY,ROW_QUALITY_ID,R_PROD_STRING_STATUS,ROW_QUALITY
522,R_SOURCE,SOURCE,R_PROD_STRING_STAT_TYPE,SOURCE
523,R_STATUS_GROUP,STATUS_GROUP,R_PROD_STR_FM_STATUS,STATUS_GROUP
524,R_SOURCE,SOURCE,R_PROJECT_BA_ROLE,SOURCE
525,R_SOURCE,SOURCE,R_PROJECT_STATUS_TYPE,SOURCE
526,R_PROJECT_TYPE,PROJECT_TYPE,R_PROJECT_STATUS_TYPE,PROJECT_TYPE
527,R_SOURCE,SOURCE,R_PROJ_STEP_TYPE,SOURCE
528,R_SOURCE,SOURCE,R_QUALITY,SOURCE
529,R_PPDM_ROW_QUALITY,ROW_QUALITY_ID,R_RECORDER_POSITION,ROW_QUALITY
530,R_SOURCE,SOURCE,R_REPORT_HIER_COMP,SOURCE
531,R_SOURCE,SOURCE,R_RESENT_CONFIDENCE,SOURCE
532,R_SOURCE,SOURCE,R_REST_DURATION,SOURCE
533,R_SOURCE,SOURCE,R_REST_TYPE,SOURCE
534,R_PPDM_ROW_QUALITY,ROW_QUALITY_ID,R_RIG_DESILTER_TYPE,ROW_QUALITY
535,R_SOURCE,SOURCE,R_RIG_MAST,SOURCE
536,R_PPDM_ROW_QUALITY,ROW_QUALITY_ID,R_RIG_SUBSTRUCTURE,ROW_QUALITY
537,R_SOURCE,SOURCE,R_RIG_TYPE,SOURCE
538,R_PPDM_ROW_QUALITY,ROW_QUALITY_ID,R_RMII_CONTACT_TYPE,ROW_QUALITY
539,R_SOURCE,SOURCE,R_RMII_CONTENT_TYPE,SOURCE
540,R_SOURCE,SOURCE,R_ROAD_CONDITION,SOURCE
541,R_SOURCE,SOURCE,R_SAMPLE_COLLECTION_TYPE,SOURCE
542,R_PPDM_ROW_QUALITY,ROW_QUALITY_ID,R_SAMPLE_SHAPE,ROW_QUALITY
543,R_SOURCE,SOURCE,R_SAMPLE_WATER_TYPE,SOURCE
544,R_PPDM_ROW_QUALITY,ROW_QUALITY_ID,R_SEIS_3D_TYPE,ROW_QUALITY
545,R_SOURCE,SOURCE,R_SEIS_ACTIVITY_TYPE,SOURCE
546,R_SOURCE,SOURCE,R_SEIS_AUTHORIZE_LIMIT,SOURCE
547,R_SOURCE,SOURCE,R_SEIS_BIN_METHOD,SOURCE
548,R_SOURCE,SOURCE,R_SEIS_CABLE_MAKE,SOURCE
549,R_SOURCE,SOURCE,R_SEIS_ENERGY_TYPE,SOURCE
550,R_PPDM_ROW_QUALITY,ROW_QUALITY_ID,R_SEIS_PATCH_TYPE,ROW_QUALITY
551,R_SOURCE,SOURCE,R_SEIS_PICK_METHOD,SOURCE
552,R_SOURCE,SOURCE,R_SEIS_PROC_PARM,SOURCE
553,PPDM_PROPERTY_SET,PROPERTY_SET_ID,R_SEIS_PROC_PARM,PROPERTY_SET_ID
554,R_SOURCE,SOURCE,R_SEIS_PROC_STATUS,SOURCE
555,R_SOURCE,SOURCE,R_SEIS_RCRD_FMT_TYPE,SOURCE
556,R_PPDM_ROW_QUALITY,ROW_QUALITY_ID,R_SEIS_REF_NUM_TYPE,ROW_QUALITY
557,R_PPDM_ROW_QUALITY,ROW_QUALITY_ID,R_SEIS_SEGMENT_REASON,ROW_QUALITY
558,R_PPDM_ROW_QUALITY,ROW_QUALITY_ID,R_SEIS_TRANS_COMP_TYPE,ROW_QUALITY
559,R_PPDM_ROW_QUALITY,ROW_QUALITY_ID,R_SEVERITY,ROW_QUALITY
560,R_SOURCE,SOURCE,R_SF_COMPONENT_TYPE,SOURCE
561,R_SOURCE,SOURCE,R_SF_DESC_TYPE,SOURCE
562,PPDM_PROPERTY_SET,PROPERTY_SET_ID,R_SF_DESC_TYPE,PROPERTY_SET_ID
563,R_PPDM_ROW_QUALITY,ROW_QUALITY_ID,R_SF_DESC_VALUE,ROW_QUALITY
564,R_SOURCE,SOURCE,R_SF_MAINTAIN_TYPE,SOURCE
565,R_SOURCE,SOURCE,R_SF_STATUS,SOURCE
566,R_SOURCE,SOURCE,R_SF_VEHICLE_TYPE,SOURCE
567,R_PPDM_ROW_QUALITY,ROW_QUALITY_ID,R_SHUTIN_PRESS_TYPE,ROW_QUALITY
568,PROJECT,PROJECT_ID,R_SOURCE_ORIGIN,PROJECT_ID
569,R_PPDM_ROW_QUALITY,ROW_QUALITY_ID,R_SP_ZONE_DEFIN__XREF,ROW_QUALITY
570,R_PPDM_ROW_QUALITY,ROW_QUALITY_ID,R_STATUS_GROUP,ROW_QUALITY
571,R_SOURCE,SOURCE,R_STATUS_GROUP,SOURCE
572,R_SOURCE,SOURCE,R_STRAT_COL_XREF_TYPE,SOURCE
573,R_PPDM_ROW_QUALITY,ROW_QUALITY_ID,R_STRAT_INTERP_METHOD,ROW_QUALITY
574,R_SOURCE,SOURCE,R_STRAT_STATUS,SOURCE
575,R_SOURCE,SOURCE,R_STRAT_UNIT_COMP_TYPE,SOURCE
576,R_PPDM_ROW_QUALITY,ROW_QUALITY_ID,R_STREAMER_POSITION,ROW_QUALITY
577,R_WELL_TEST_TYPE,WELL_TEST_TYPE,R_TEST_SUBTYPE,TEST_TYPE
578,R_PPDM_ROW_QUALITY,ROW_QUALITY_ID,R_TITLE_OWN_TYPE,ROW_QUALITY
579,R_SOURCE,SOURCE,R_TREATMENT_TYPE,SOURCE
580,R_PPDM_ROW_QUALITY,ROW_QUALITY_ID,R_VELOCITY_DIMENSION,ROW_QUALITY
581,R_PPDM_ROW_QUALITY,ROW_QUALITY_ID,R_VELOCITY_TYPE,ROW_QUALITY
582,R_PPDM_ROW_QUALITY,ROW_QUALITY_ID,R_VOLUME_METHOD,ROW_QUALITY
583,R_SOURCE,SOURCE,R_WASTE_HAZARD_TYPE,SOURCE
584,R_SOURCE,SOURCE,R_WASTE_ORIGIN,SOURCE
585,R_PPDM_ROW_QUALITY,ROW_QUALITY_ID,R_WELL_ACTIVITY_CAUSE,ROW_QUALITY
586,R_PPDM_ROW_QUALITY,ROW_QUALITY_ID,R_WELL_ACT_TYPE_EQUIV,ROW_QUALITY
587,R_SOURCE,SOURCE,R_WELL_ALIAS_LOCATION,SOURCE
588,R_PPDM_ROW_QUALITY,ROW_QUALITY_ID,R_WELL_CIRC_PRESS_TYPE,ROW_QUALITY
589,R_PPDM_ROW_QUALITY,ROW_QUALITY_ID,R_WELL_COMPONENT_TYPE,ROW_QUALITY
590,R_SOURCE,SOURCE,R_WELL_LEVEL_TYPE,SOURCE
591,R_PPDM_ROW_QUALITY,ROW_QUALITY_ID,R_WELL_QUALIFIC_TYPE,ROW_QUALITY
592,R_SOURCE,SOURCE,R_WELL_REF_VALUE_TYPE,SOURCE
593,R_PPDM_ROW_QUALITY,ROW_QUALITY_ID,R_WELL_RELATIONSHIP,ROW_QUALITY
594,R_WELL_SERVICE_METRIC,SERVICE_METRIC,R_WELL_SERV_METRIC_CODE,SERVICE_METRIC
595,R_SOURCE,SOURCE,R_WO_DELIVERY_TYPE,SOURCE
596,R_SOURCE,SOURCE,R_ACTIVITY_SET_TYPE,SOURCE
597,R_SOURCE,SOURCE,R_ADDITIVE_TYPE,SOURCE
598,R_SOURCE,SOURCE,R_ALIAS_TYPE,SOURCE
599,PPDM_PROPERTY_SET,PROPERTY_SET_ID,R_ANALYSIS_PROPERTY,PROPERTY_SET_ID
600,R_PPDM_ROW_QUALITY,ROW_QUALITY_ID,R_AOF_ANALYSIS_TYPE,ROW_QUALITY
601,R_SOURCE,SOURCE,R_AOF_CALC_METHOD,SOURCE
602,R_PPDM_ROW_QUALITY,ROW_QUALITY_ID,R_APPLICATION_COMP_TYPE,ROW_QUALITY
603,R_SOURCE,SOURCE,R_AUTHOR_TYPE,SOURCE
604,R_SOURCE,SOURCE,R_BA_AUTHORITY_COMP_TYPE,SOURCE
605,R_PPDM_ROW_QUALITY,ROW_QUALITY_ID,R_BA_COMPONENT_TYPE,ROW_QUALITY
606,R_INST_DETAIL_TYPE,INSTRUMENT_DETAIL_TYPE,R_BA_DESC_CODE,BA_DESC_TYPE
607,R_PPDM_ROW_QUALITY,ROW_QUALITY_ID,R_BA_DESC_REF_VALUE,ROW_QUALITY
608,R_SOURCE,SOURCE,R_BA_DESC_REF_VALUE,SOURCE
609,R_PPDM_ROW_QUALITY,ROW_QUALITY_ID,R_BA_DESC_TYPE,ROW_QUALITY
610,R_PPDM_ROW_QUALITY,ROW_QUALITY_ID,R_BA_ORGANIZATION_COMP_TYPE,ROW_QUALITY
611,R_PPDM_ROW_QUALITY,ROW_QUALITY_ID,R_BH_PRESS_TEST_TYPE,ROW_QUALITY
612,R_PPDM_ROW_QUALITY,ROW_QUALITY_ID,R_BIT_CUT_STRUCT_DULL,ROW_QUALITY
613,R_SOURCE,SOURCE,R_BIT_CUT_STRUCT_LOC,SOURCE
614,PPDM_PROPERTY_SET,PROPERTY_SET_ID,R_CAT_EQUIP_SPEC,PROPERTY_SET_ID
615,R_CAT_EQUIP_SPEC,SPEC_TYPE,R_CAT_EQUIP_SPEC_CODE,SPEC_TYPE
616,PPDM_PROPERTY_SET,PROPERTY_SET_ID,R_CLASS_DESC_PROPERTY,PROPERTY_SET_ID
617,R_SOURCE,SOURCE,R_CLIMATE,SOURCE
618,R_PPDM_ROW_QUALITY,ROW_QUALITY_ID,R_CLIMATE,ROW_QUALITY
619,R_PPDM_ROW_QUALITY,ROW_QUALITY_ID,R_COLLAR_TYPE,ROW_QUALITY
620,R_SOURCE,SOURCE,R_COLOR_PALETTE,SOURCE
621,R_PPDM_ROW_QUALITY,ROW_QUALITY_ID,R_COMPLETION_STATUS_TYPE,ROW_QUALITY
622,R_SOURCE,SOURCE,R_COMPLETION_STATUS_TYPE,SOURCE
623,R_PPDM_ROW_QUALITY,ROW_QUALITY_ID,R_CONSULT_DISC_TYPE,ROW_QUALITY
624,R_SOURCE,SOURCE,R_CONSULT_DISC_TYPE,SOURCE
625,R_SOURCE,SOURCE,R_CONSULT_TYPE,SOURCE
626,R_PPDM_ROW_QUALITY,ROW_QUALITY_ID,R_CONTEST_RESOLUTION,ROW_QUALITY
627,R_PPDM_ROW_QUALITY,ROW_QUALITY_ID,R_CONTEST_TYPE,ROW_QUALITY
628,R_SOURCE,SOURCE,R_CONT_EXTEND_TYPE,SOURCE
629,R_SOURCE,SOURCE,R_CONT_INSUR_ELECT,SOURCE
630,R_SOURCE,SOURCE,R_CONT_STATUS_TYPE,SOURCE
631,R_PPDM_ROW_QUALITY,ROW_QUALITY_ID,R_CONT_XREF_TYPE,ROW_QUALITY
632,R_SOURCE,SOURCE,R_CONT_XREF_TYPE,SOURCE
633,R_PPDM_ROW_QUALITY,ROW_QUALITY_ID,R_COORD_COMPUTE,ROW_QUALITY
634,R_SOURCE,SOURCE,R_COORD_COMPUTE,SOURCE
635,R_PPDM_ROW_QUALITY,ROW_QUALITY_ID,R_CORRECTION_METHOD,ROW_QUALITY
636,R_PPDM_ROW_QUALITY,ROW_QUALITY_ID,R_CURVE_XREF_TYPE,ROW_QUALITY
637,R_SOURCE,SOURCE,R_CURVE_XREF_TYPE,SOURCE
638,R_PPDM_ROW_QUALITY,ROW_QUALITY_ID,R_CUTTING_FLUID,ROW_QUALITY
639,R_PPDM_ROW_QUALITY,ROW_QUALITY_ID,R_DATA_CIRC_STATUS,ROW_QUALITY
640,R_SOURCE,SOURCE,R_DATE_FORMAT_TYPE,SOURCE
641,R_PPDM_ROW_QUALITY,ROW_QUALITY_ID,R_DECRYPT_TYPE,ROW_QUALITY
642,R_SOURCE,SOURCE,R_DEDUCT_TYPE,SOURCE
643,R_SOURCE,SOURCE,R_DIGITAL_OUTPUT,SOURCE
644,R_PPDM_ROW_QUALITY,ROW_QUALITY_ID,R_DIRECTION,ROW_QUALITY
645,R_PPDM_ROW_QUALITY,ROW_QUALITY_ID,R_DIR_SRVY_POINT_TYPE,ROW_QUALITY
646,R_SOURCE,SOURCE,R_DIR_SRVY_TYPE,SOURCE
647,R_SOURCE,SOURCE,R_DIST_REF_PT,SOURCE
648,R_SOURCE,SOURCE,R_DRILLING_MEDIA,SOURCE
649,R_SOURCE,SOURCE,R_DRILL_ASSEMBLY_COMP,SOURCE
650,R_PPDM_ROW_QUALITY,ROW_QUALITY_ID,R_DRILL_STAT_CODE,ROW_QUALITY
651,PPDM_PROPERTY_SET,PROPERTY_SET_ID,R_DRILL_STAT_TYPE,PROPERTY_SET_ID
652,PPDM_PROPERTY_SET,PROPERTY_SET_ID,R_ECONOMIC_SCHEDULE,PROPERTY_SET_ID
653,R_SOURCE,SOURCE,R_ECOZONE_TYPE,SOURCE
654,R_SOURCE,SOURCE,R_ENHANCED_REC_TYPE,SOURCE
655,R_PPDM_ROW_QUALITY,ROW_QUALITY_ID,R_ENT_COMPONENT_TYPE,ROW_QUALITY
656,R_PPDM_ROW_QUALITY,ROW_QUALITY_ID,R_ENT_EXPIRY_ACTION,ROW_QUALITY
657,R_PPDM_ROW_QUALITY,ROW_QUALITY_ID,R_ENT_SEC_GROUP_XREF,ROW_QUALITY
658,R_PPDM_ROW_QUALITY,ROW_QUALITY_ID,R_ENVIRONMENT,ROW_QUALITY
659,R_PPDM_ROW_QUALITY,ROW_QUALITY_ID,R_EQUIP_BA_ROLE_TYPE,ROW_QUALITY
660,PPDM_PROPERTY_SET,PROPERTY_SET_ID,R_EQUIP_SPEC,PROPERTY_SET_ID
661,R_SOURCE,SOURCE,R_EQUIP_SPEC_REF_TYPE,SOURCE
662,R_EQUIP_STATUS_TYPE,STATUS_TYPE,R_EQUIP_STATUS,STATUS_TYPE
663,R_PPDM_ROW_QUALITY,ROW_QUALITY_ID,R_EQUIP_USE_STAT_TYPE,ROW_QUALITY
664,R_PPDM_ROW_QUALITY,ROW_QUALITY_ID,R_EQUIP_XREF_TYPE,ROW_QUALITY
665,R_PPDM_ROW_QUALITY,ROW_QUALITY_ID,R_EW_DIRECTION,ROW_QUALITY
666,R_PPDM_ROW_QUALITY,ROW_QUALITY_ID,R_EW_START_LINE,ROW_QUALITY
667,R_PPDM_ROW_QUALITY,ROW_QUALITY_ID,R_FACILITY_COMP_TYPE,ROW_QUALITY
668,R_SOURCE,SOURCE,R_FACILITY_SPEC_CODE,SOURCE
669,R_PPDM_ROW_QUALITY,ROW_QUALITY_ID,R_FACILITY_XREF_TYPE,ROW_QUALITY
670,R_SOURCE,SOURCE,R_FACILITY_XREF_TYPE,SOURCE
671,R_SOURCE,SOURCE,R_FAC_LIC_COND,SOURCE
672,R_SOURCE,SOURCE,R_FAC_MAINTAIN_TYPE,SOURCE
673,R_FAC_MAINT_STATUS_TYPE,MAINTAIN_STATUS_TYPE,R_FAC_MAINT_STATUS,MAINTAIN_STATUS_TYPE
674,R_PPDM_ROW_QUALITY,ROW_QUALITY_ID,R_FIN_COST_TYPE,ROW_QUALITY
675,R_SOURCE,SOURCE,R_FIN_COST_TYPE,SOURCE
676,R_PPDM_ROW_QUALITY,ROW_QUALITY_ID,R_FIN_STATUS,ROW_QUALITY
677,R_SOURCE,SOURCE,R_FOS_TAXON_GROUP,SOURCE
678,R_PPDM_ROW_QUALITY,ROW_QUALITY_ID,R_FOS_XREF,ROW_QUALITY
679,R_SOURCE,SOURCE,R_HOLE_CONDITION,SOURCE
680,R_PPDM_ROW_QUALITY,ROW_QUALITY_ID,R_HSE_RESPONSE_TYPE,ROW_QUALITY
681,R_PPDM_ROW_QUALITY,ROW_QUALITY_ID,R_INCIDENT_CAUSE_CODE,ROW_QUALITY
682,R_INCIDENT_CAUSE_TYPE,CAUSE_TYPE,R_INCIDENT_CAUSE_CODE,CAUSE_TYPE
683,R_SOURCE,SOURCE,R_INCIDENT_CAUSE_TYPE,SOURCE
684,R_PPDM_ROW_QUALITY,ROW_QUALITY_ID,R_INCIDENT_SUBSTANCE,ROW_QUALITY
685,R_PPDM_ROW_QUALITY,ROW_QUALITY_ID,R_INCIDENT_SUBST_ROLE,ROW_QUALITY
686,PPDM_PROPERTY_SET,PROPERTY_SET_ID,R_INST_DETAIL_TYPE,PROPERTY_SET_ID
687,R_PPDM_ROW_QUALITY,ROW_QUALITY_ID,R_INTERP_ORIGIN_TYPE,ROW_QUALITY
688,R_SOURCE,SOURCE,R_INT_SET_COMPONENT,SOURCE
689,R_SOURCE,SOURCE,R_INT_SET_STATUS,SOURCE
690,R_SOURCE,SOURCE,R_INT_SET_XREF_TYPE,SOURCE
691,R_SOURCE,SOURCE,R_INV_MATERIAL_TYPE,SOURCE
692,R_PPDM_ROW_QUALITY,ROW_QUALITY_ID,R_LAND_ACQTN_METHOD,ROW_QUALITY
693,R_PPDM_ROW_QUALITY,ROW_QUALITY_ID,R_LAND_BIDDER_TYPE,ROW_QUALITY
694,R_PPDM_ROW_QUALITY,ROW_QUALITY_ID,R_LAND_COMPONENT_TYPE,ROW_QUALITY
695,R_SOURCE,SOURCE,R_LAND_REF_NUM_TYPE,SOURCE
696,R_PPDM_ROW_QUALITY,ROW_QUALITY_ID,R_LAND_REQ_STATUS,ROW_QUALITY
697,R_SOURCE,SOURCE,R_LAND_RIGHT_STATUS,SOURCE
698,R_PPDM_ROW_QUALITY,ROW_QUALITY_ID,R_LAND_STATUS_TYPE,ROW_QUALITY
699,R_SOURCE,SOURCE,R_LAND_TRACT_TYPE,SOURCE
700,R_PPDM_ROW_QUALITY,ROW_QUALITY_ID,R_LANGUAGE,ROW_QUALITY
701,R_SOURCE,SOURCE,R_LEGAL_SURVEY_TYPE,SOURCE
702,R_PPDM_ROW_QUALITY,ROW_QUALITY_ID,R_LICENSE_STATUS,ROW_QUALITY
703,R_SOURCE,SOURCE,R_LITH_BOUNDARY_TYPE,SOURCE
704,R_PPDM_ROW_QUALITY,ROW_QUALITY_ID,R_LITH_COLLECT_METHOD,ROW_QUALITY
705,R_PPDM_ROW_QUALITY,ROW_QUALITY_ID,R_LITH_CONSOLIDATION,ROW_QUALITY
706,R_PPDM_ROW_QUALITY,ROW_QUALITY_ID,R_LITH_DISTRIBUTION,ROW_QUALITY
707,R_PPDM_ROW_QUALITY,ROW_QUALITY_ID,R_LITH_LOG_TYPE,ROW_QUALITY
708,R_PPDM_ROW_QUALITY,ROW_QUALITY_ID,R_LITH_OIL_STAIN,ROW_QUALITY
709,R_SOURCE,SOURCE,R_LITH_PATTERN_CODE,SOURCE
710,R_PPDM_ROW_QUALITY,ROW_QUALITY_ID,R_LITH_ROUNDING,ROW_QUALITY
711,R_SOURCE,SOURCE,R_LITH_SCALE_SCHEME,SOURCE
712,R_SOURCE,SOURCE,R_LITH_SORTING,SOURCE
713,R_SOURCE,SOURCE,R_LITH_SOURCE,SOURCE
714,R_PPDM_ROW_QUALITY,ROW_QUALITY_ID,R_LOCATION_QUALIFIER,ROW_QUALITY
715,R_PPDM_ROW_QUALITY,ROW_QUALITY_ID,R_LOG_CORRECT_METHOD,ROW_QUALITY
716,R_PPDM_ROW_QUALITY,ROW_QUALITY_ID,R_LOG_DEPTH_TYPE,ROW_QUALITY
717,R_SOURCE,SOURCE,R_LOG_DIRECTION,SOURCE
718,R_PPDM_ROW_QUALITY,ROW_QUALITY_ID,R_LOG_MATRIX,ROW_QUALITY
719,R_PPDM_ROW_QUALITY,ROW_QUALITY_ID,R_LOG_TOOL_TYPE,ROW_QUALITY
720,R_SOURCE,SOURCE,R_LR_SIZE_TYPE,SOURCE
721,R_SOURCE,SOURCE,R_MBAL_COMPRESS_TYPE,SOURCE
722,R_PPDM_ROW_QUALITY,ROW_QUALITY_ID,R_MISC_DATA_TYPE,ROW_QUALITY
723,R_PPDM_ROW_QUALITY,ROW_QUALITY_ID,R_MUD_PROPERTY_CODE,ROW_QUALITY
724,R_SOURCE,SOURCE,R_MUD_PROPERTY_TYPE,SOURCE
725,R_PPDM_ROW_QUALITY,ROW_QUALITY_ID,R_NORTH,ROW_QUALITY
726,R_PPDM_ROW_QUALITY,ROW_QUALITY_ID,R_NOTIFICATION_COMP_TYPE,ROW_QUALITY
727,R_SOURCE,SOURCE,R_NOTIFICATION_TYPE,SOURCE
728,R_PPDM_ROW_QUALITY,ROW_QUALITY_ID,R_NS_START_LINE,ROW_QUALITY
729,R_PPDM_ROW_QUALITY,ROW_QUALITY_ID,R_OBLIG_PAY_RESP,ROW_QUALITY
730,R_SOURCE,SOURCE,R_OBLIG_TYPE,SOURCE
731,R_SOURCE,SOURCE,R_OFFSHORE_AREA_CODE,SOURCE
732,R_PPDM_ROW_QUALITY,ROW_QUALITY_ID,R_ONTOGENY_TYPE,ROW_QUALITY
733,R_SOURCE,SOURCE,R_PALEO_TYPE_FOSSIL,SOURCE
734,R_PPDM_ROW_QUALITY,ROW_QUALITY_ID,R_PAY_RATE_TYPE,ROW_QUALITY
735,R_PDEN_STATUS_TYPE,PDEN_STATUS_TYPE,R_PDEN_STATUS,PDEN_STATUS_TYPE
736,R_SOURCE,SOURCE,R_PDEN_STATUS_TYPE,SOURCE
737,R_PPDM_ROW_QUALITY,ROW_QUALITY_ID,R_PICK_QUALITY,ROW_QUALITY
738,R_SOURCE,SOURCE,R_PICK_QUALITY,SOURCE
739,R_PPDM_ROW_QUALITY,ROW_QUALITY_ID,R_PLATFORM_TYPE,ROW_QUALITY
740,R_PPDM_ROW_QUALITY,ROW_QUALITY_ID,R_POOL_STATUS,ROW_QUALITY
741,R_SOURCE,SOURCE,R_POOL_STATUS,SOURCE
742,R_PPDM_ROW_QUALITY,ROW_QUALITY_ID,R_PPDM_DATA_TYPE,ROW_QUALITY
743,R_SOURCE,SOURCE,R_PPDM_INDEX_CATEGORY,SOURCE
744,PPDM_PROPERTY_SET,PROPERTY_SET_ID,R_PPDM_MAP_RULE_TYPE,PROPERTY_SET_ID
745,R_PPDM_ROW_QUALITY,ROW_QUALITY_ID,R_PPDM_METRIC_CODE,ROW_QUALITY
746,R_SOURCE,SOURCE,R_PPDM_METRIC_COMP_TYPE,SOURCE
747,R_SOURCE,SOURCE,R_PPDM_METRIC_REF_VALUE,SOURCE
748,R_SOURCE,SOURCE,R_PPDM_METRIC_TYPE,SOURCE
749,R_SOURCE,SOURCE,R_PPDM_OBJECT_STATUS,SOURCE
750,R_PPDM_ROW_QUALITY,ROW_QUALITY_ID,R_PPDM_OWNER_ROLE,ROW_QUALITY
751,R_SOURCE,SOURCE,R_PPDM_QC_TYPE,SOURCE
752,R_SOURCE,SOURCE,R_PPDM_RDBMS,SOURCE
753,R_PPDM_ROW_QUALITY,ROW_QUALITY_ID,R_PPDM_ROW_QUALITY,ROW_QUALITY
754,R_PPDM_ROW_QUALITY,ROW_QUALITY_ID,R_PPDM_RULE_CLASS,ROW_QUALITY
755,R_SOURCE,SOURCE,R_PPDM_RULE_CLASS,SOURCE
756,PPDM_PROPERTY_SET,PROPERTY_SET_ID,R_PPDM_RULE_DETAIL_TYPE,PROPERTY_SET_ID
757,R_PPDM_ROW_QUALITY,ROW_QUALITY_ID,R_PPDM_RULE_XREF_COND,ROW_QUALITY
758,R_PPDM_ROW_QUALITY,ROW_QUALITY_ID,R_PPDM_RULE_XREF_TYPE,ROW_QUALITY
759,R_PPDM_ROW_QUALITY,ROW_QUALITY_ID,R_PPDM_UOM_ALIAS_TYPE,ROW_QUALITY
760,R_SOURCE,SOURCE,R_PROD_STRING_STATUS,SOURCE
761,R_SOURCE,SOURCE,R_PROD_STRING_TYPE,SOURCE
762,R_PROD_STR_FM_STAT_TYPE,STATUS_TYPE,R_PROD_STR_FM_STATUS,STATUS_TYPE
763,R_SOURCE,SOURCE,R_PROJECTION_TYPE,SOURCE
764,R_SOURCE,SOURCE,R_PROJECT_ALIAS_TYPE,SOURCE
765,R_PPDM_ROW_QUALITY,ROW_QUALITY_ID,R_PROJECT_BA_ROLE,ROW_QUALITY
766,R_PPDM_ROW_QUALITY,ROW_QUALITY_ID,R_PROJECT_COMP_REASON,ROW_QUALITY
767,R_PPDM_ROW_QUALITY,ROW_QUALITY_ID,R_PROJ_STEP_TYPE,ROW_QUALITY
768,R_PPDM_ROW_QUALITY,ROW_QUALITY_ID,R_PROJ_STEP_XREF_TYPE,ROW_QUALITY
769,R_SOURCE,SOURCE,R_PROPPANT_TYPE,SOURCE
770,R_PPDM_ROW_QUALITY,ROW_QUALITY_ID,R_PROPPANT_TYPE,ROW_QUALITY
771,R_SOURCE,SOURCE,R_PUBLICATION_NAME,SOURCE
772,R_PPDM_ROW_QUALITY,ROW_QUALITY_ID,R_RATE_SCHED_XREF,ROW_QUALITY
773,R_PPDM_ROW_QUALITY,ROW_QUALITY_ID,R_RATE_TYPE,ROW_QUALITY
774,R_SOURCE,SOURCE,R_REPEAT_STRAT_TYPE,SOURCE
775,R_SOURCE,SOURCE,R_RESENT_REV_CAT,SOURCE
776,R_SOURCE,SOURCE,R_REST_REMARK,SOURCE
777,R_PPDM_ROW_QUALITY,ROW_QUALITY_ID,R_REST_TYPE,ROW_QUALITY
778,R_PPDM_ROW_QUALITY,ROW_QUALITY_ID,R_RETENTION_PERIOD,ROW_QUALITY
779,R_PPDM_ROW_QUALITY,ROW_QUALITY_ID,R_RIG_BLOWOUT_PREVENTER,ROW_QUALITY
780,R_PPDM_ROW_QUALITY,ROW_QUALITY_ID,R_RIG_MAST,ROW_QUALITY
781,R_SOURCE,SOURCE,R_RIG_PUMP_FUNCTION,SOURCE
782,R_PPDM_ROW_QUALITY,ROW_QUALITY_ID,R_RMII_DEFICIENCY,ROW_QUALITY
783,PPDM_PROPERTY_SET,PROPERTY_SET_ID,R_RMII_METADATA_TYPE,PROPERTY_SET_ID
784,R_PPDM_ROW_QUALITY,ROW_QUALITY_ID,R_RMII_STATUS,ROW_QUALITY
785,R_RMII_STATUS_TYPE,STATUS_TYPE,R_RMII_STATUS,STATUS_TYPE
786,R_SOURCE,SOURCE,R_ROYALTY_TYPE,SOURCE
787,R_PPDM_ROW_QUALITY,ROW_QUALITY_ID,R_SALINITY_TYPE,ROW_QUALITY
788,R_PPDM_ROW_QUALITY,ROW_QUALITY_ID,R_SEISMIC_PATH,ROW_QUALITY
789,R_PPDM_ROW_QUALITY,ROW_QUALITY_ID,R_SEIS_BIN_METHOD,ROW_QUALITY
790,R_PPDM_ROW_QUALITY,ROW_QUALITY_ID,R_SEIS_ENERGY_TYPE,ROW_QUALITY
791,R_PPDM_ROW_QUALITY,ROW_QUALITY_ID,R_SEIS_INSP_COMPONENT_TYPE,ROW_QUALITY
792,R_SOURCE,SOURCE,R_SEIS_INSP_COMPONENT_TYPE,SOURCE
793,R_PPDM_ROW_QUALITY,ROW_QUALITY_ID,R_SEIS_LIC_COND_CODE,ROW_QUALITY
794,R_PPDM_ROW_QUALITY,ROW_QUALITY_ID,R_SEIS_PARM_ORIGIN,ROW_QUALITY
795,R_PPDM_ROW_QUALITY,ROW_QUALITY_ID,R_SEIS_PROC_COMP_TYPE,ROW_QUALITY
796,R_PPDM_ROW_QUALITY,ROW_QUALITY_ID,R_SEIS_RCRD_MAKE,ROW_QUALITY
797,R_SOURCE,SOURCE,R_SEIS_REF_NUM_TYPE,SOURCE
798,R_PPDM_ROW_QUALITY,ROW_QUALITY_ID,R_SF_DOCK_TYPE,ROW_QUALITY
799,R_PPDM_ROW_QUALITY,ROW_QUALITY_ID,R_SF_ROAD_TYPE,ROW_QUALITY
800,R_SOURCE,SOURCE,R_SF_ROAD_TYPE,SOURCE
801,R_SOURCE,SOURCE,R_SF_TOWER_TYPE,SOURCE
802,R_PPDM_ROW_QUALITY,ROW_QUALITY_ID,R_SF_VESSEL_ROLE,ROW_QUALITY
803,R_PPDM_ROW_QUALITY,ROW_QUALITY_ID,R_SF_VESSEL_TYPE,ROW_QUALITY
804,R_PPDM_ROW_QUALITY,ROW_QUALITY_ID,R_STORE_STATUS,ROW_QUALITY
805,R_SOURCE,SOURCE,R_STRAT_ACQTN_METHOD,SOURCE
806,R_PPDM_ROW_QUALITY,ROW_QUALITY_ID,R_STRAT_COL_XREF_TYPE,ROW_QUALITY
807,R_PPDM_ROW_QUALITY,ROW_QUALITY_ID,R_STRAT_EQUIV_DIRECT,ROW_QUALITY
808,R_SOURCE,SOURCE,R_STRAT_TOPO_RELATION,SOURCE
809,R_SOURCE,SOURCE,R_STREAMER_COMP,SOURCE
810,R_PPDM_ROW_QUALITY,ROW_QUALITY_ID,R_TIMEZONE,ROW_QUALITY
811,R_PPDM_ROW_QUALITY,ROW_QUALITY_ID,R_TRACE_HEADER_WORD,ROW_QUALITY
812,R_PPDM_ROW_QUALITY,ROW_QUALITY_ID,R_VESSEL_REFERENCE,ROW_QUALITY
813,R_SOURCE,SOURCE,R_WASTE_FACILITY_TYPE,SOURCE
814,R_PPDM_ROW_QUALITY,ROW_QUALITY_ID,R_WASTE_MATERIAL,ROW_QUALITY
815,PPDM_UNIT_OF_MEASURE,UOM_ID,R_WASTE_MATERIAL,PREFERRED_UOM
816,R_SOURCE,SOURCE,R_WATER_CONDITION,SOURCE
817,R_PPDM_ROW_QUALITY,ROW_QUALITY_ID,R_WEATHER_CONDITION,ROW_QUALITY
818,R_PPDM_ROW_QUALITY,ROW_QUALITY_ID,R_WELL_CLASS,ROW_QUALITY
819,R_SOURCE,SOURCE,R_WELL_DATUM_TYPE,SOURCE
820,R_PPDM_ROW_QUALITY,ROW_QUALITY_ID,R_WELL_DRILL_OP_TYPE,ROW_QUALITY
821,R_SOURCE,SOURCE,R_WELL_DRILL_OP_TYPE,SOURCE
822,PPDM_PROPERTY_SET,PROPERTY_SET_ID,R_WELL_LIC_COND,PROPERTY_SET_ID
823,R_PPDM_ROW_QUALITY,ROW_QUALITY_ID,R_WELL_LIC_VIOL_TYPE,ROW_QUALITY
824,R_PPDM_ROW_QUALITY,ROW_QUALITY_ID,R_WELL_NODE_PICK_METHOD,ROW_QUALITY
825,R_SOURCE,SOURCE,R_WELL_QUALIFIC_TYPE,SOURCE
826,R_SOURCE,SOURCE,R_WELL_STATUS,SOURCE
827,R_WELL_STATUS_TYPE,STATUS_TYPE,R_WELL_STATUS,STATUS_TYPE
828,R_SOURCE,SOURCE,R_WELL_XREF_TYPE,SOURCE
829,R_PPDM_ROW_QUALITY,ROW_QUALITY_ID,R_WELL_ZONE_INT_VALUE,ROW_QUALITY
830,R_PPDM_ROW_QUALITY,ROW_QUALITY_ID,R_WO_CONDITION,ROW_QUALITY
831,R_PPDM_ROW_QUALITY,ROW_QUALITY_ID,R_WO_INSTRUCTION,ROW_QUALITY
832,R_PPDM_ROW_QUALITY,ROW_QUALITY_ID,R_WO_XREF_TYPE,ROW_QUALITY
833,R_SOURCE,SOURCE,R_APPLIC_DECISION,SOURCE
834,R_SOURCE,SOURCE,R_APPLIC_DESC,SOURCE
835,R_SOURCE,SOURCE,R_APPLIC_STATUS,SOURCE
836,R_SOURCE,SOURCE,R_APPLIC_TYPE,SOURCE
837,R_SOURCE,SOURCE,R_AUTHORITY_TYPE,SOURCE
838,R_SOURCE,SOURCE,R_BA_CATEGORY,SOURCE
839,R_PPDM_ROW_QUALITY,ROW_QUALITY_ID,R_BA_DESC_CODE,ROW_QUALITY
840,R_BA_DESC_TYPE,BA_DESC_TYPE,R_BA_DESC_CODE,BA_DESC_TYPE
841,R_PPDM_ROW_QUALITY,ROW_QUALITY_ID,R_BA_STATUS,ROW_QUALITY
842,R_SOURCE,SOURCE,R_BA_STATUS,SOURCE
843,R_PPDM_ROW_QUALITY,ROW_QUALITY_ID,R_BA_TYPE,ROW_QUALITY
844,R_PPDM_ROW_QUALITY,ROW_QUALITY_ID,R_BIT_BEARING_CONDITION,ROW_QUALITY
845,R_PPDM_ROW_QUALITY,ROW_QUALITY_ID,R_BIT_CUT_STRUCT_LOC,ROW_QUALITY
846,R_PPDM_ROW_QUALITY,ROW_QUALITY_ID,R_BIT_REASON_PULLED,ROW_QUALITY
847,R_SOURCE,SOURCE,R_CAT_EQUIP_GROUP,SOURCE
848,R_PPDM_ROW_QUALITY,ROW_QUALITY_ID,R_CAT_EQUIP_SPEC,ROW_QUALITY
849,R_SOURCE,SOURCE,R_CAT_EQUIP_SPEC_CODE,SOURCE
850,R_PPDM_ROW_QUALITY,ROW_QUALITY_ID,R_CAT_EQUIP_TYPE,ROW_QUALITY
851,R_PPDM_ROW_QUALITY,ROW_QUALITY_ID,R_CEMENT_TYPE,ROW_QUALITY
852,R_SOURCE,SOURCE,R_CEMENT_TYPE,SOURCE
853,R_PPDM_ROW_QUALITY,ROW_QUALITY_ID,R_CODE_VERSION_XREF_TYPE,ROW_QUALITY
854,R_SOURCE,SOURCE,R_COLLAR_TYPE,SOURCE
855,R_SOURCE,SOURCE,R_COLOR_FORMAT,SOURCE
856,R_SOURCE,SOURCE,R_COMPLETION_METHOD,SOURCE
857,R_PPDM_ROW_QUALITY,ROW_QUALITY_ID,R_COMPLETION_TYPE,ROW_QUALITY
858,R_CONSENT_TYPE,CONSENT_TYPE,R_CONSENT_CONDITION,CONSENT_TYPE
859,R_PPDM_ROW_QUALITY,ROW_QUALITY_ID,R_CONSULT_REASON,ROW_QUALITY
860,R_PPDM_ROW_QUALITY,ROW_QUALITY_ID,R_CONSULT_TYPE,ROW_QUALITY
861,R_SOURCE,SOURCE,R_CONTACT_ROLE,SOURCE
862,R_SOURCE,SOURCE,R_CONTEST_COMP_TYPE,SOURCE
863,R_PPDM_ROW_QUALITY,ROW_QUALITY_ID,R_CONT_COMP_REASON,ROW_QUALITY
864,R_PPDM_ROW_QUALITY,ROW_QUALITY_ID,R_CONT_EXTEND_COND,ROW_QUALITY
865,R_PPDM_ROW_QUALITY,ROW_QUALITY_ID,R_CONT_EXTEND_TYPE,ROW_QUALITY
866,R_PPDM_ROW_QUALITY,ROW_QUALITY_ID,R_CONT_STATUS,ROW_QUALITY
867,R_SOURCE,SOURCE,R_CORRECTION_METHOD,SOURCE
868,R_SOURCE,SOURCE,R_CS_TRANSFORM_PARM,SOURCE
869,R_PPDM_ROW_QUALITY,ROW_QUALITY_ID,R_DATA_STORE_TYPE,ROW_QUALITY
870,R_PPDM_ROW_QUALITY,ROW_QUALITY_ID,R_DATUM_ORIGIN,ROW_QUALITY
871,R_SOURCE,SOURCE,R_DECLINE_CURVE_TYPE,SOURCE
872,R_PPDM_ROW_QUALITY,ROW_QUALITY_ID,R_DIR_SRVY_TYPE,ROW_QUALITY
873,R_PPDM_ROW_QUALITY,ROW_QUALITY_ID,R_DIST_REF_PT,ROW_QUALITY
874,R_PPDM_ROW_QUALITY,ROW_QUALITY_ID,R_DOCUMENT_TYPE,ROW_QUALITY
875,R_PPDM_ROW_QUALITY,ROW_QUALITY_ID,R_DRILL_BIT_DETAIL_TYPE,ROW_QUALITY
876,R_PPDM_ROW_QUALITY,ROW_QUALITY_ID,R_DRILL_STAT_TYPE,ROW_QUALITY
877,R_PPDM_ROW_QUALITY,ROW_QUALITY_ID,R_EMPLOYEE_POSITION,ROW_QUALITY
878,R_SOURCE,SOURCE,R_EMPLOYEE_STATUS,SOURCE
879,R_PPDM_ROW_QUALITY,ROW_QUALITY_ID,R_ENCODING_TYPE,ROW_QUALITY
880,R_SOURCE,SOURCE,R_ENCODING_TYPE,SOURCE
881,R_SOURCE,SOURCE,R_ENT_ACCESS_TYPE,SOURCE
882,R_SOURCE,SOURCE,R_ENT_COMPONENT_TYPE,SOURCE
883,R_SOURCE,SOURCE,R_ENT_EXPIRY_ACTION,SOURCE
884,R_SOURCE,SOURCE,R_ENT_SEC_GROUP_TYPE,SOURCE
885,R_PPDM_ROW_QUALITY,ROW_QUALITY_ID,R_EQUIP_MAINT_REASON,ROW_QUALITY
886,R_PPDM_ROW_QUALITY,ROW_QUALITY_ID,R_EQUIP_MAINT_STAT_TYPE,ROW_QUALITY
887,R_SOURCE,SOURCE,R_EQUIP_MAINT_STAT_TYPE,SOURCE
888,R_SOURCE,SOURCE,R_EQUIP_SPEC,SOURCE
889,R_PPDM_ROW_QUALITY,ROW_QUALITY_ID,R_EQUIP_SYSTEM_CONDITION,ROW_QUALITY
890,PPDM_PROPERTY_SET,PROPERTY_SET_ID,R_EQUIP_USE_STAT_TYPE,PROPERTY_SET_ID
891,R_PPDM_ROW_QUALITY,ROW_QUALITY_ID,R_FACILITY_CLASS,ROW_QUALITY
892,R_PPDM_ROW_QUALITY,ROW_QUALITY_ID,R_FACILITY_SPEC_CODE,ROW_QUALITY
893,R_SOURCE,SOURCE,R_FACILITY_TYPE,SOURCE
894,R_PPDM_ROW_QUALITY,ROW_QUALITY_ID,R_FAC_LIC_COND,ROW_QUALITY
895,R_PPDM_ROW_QUALITY,ROW_QUALITY_ID,R_FAC_LIC_VIOL_RESOL,ROW_QUALITY
896,R_FACILITY_TYPE,FACILITY_TYPE,R_FAC_MAINTAIN_TYPE,FACILITY_TYPE
897,R_PPDM_ROW_QUALITY,ROW_QUALITY_ID,R_FAC_PIPE_COVER,ROW_QUALITY
898,R_PPDM_ROW_QUALITY,ROW_QUALITY_ID,R_FAC_SPEC_REFERENCE,ROW_QUALITY
899,R_SOURCE,SOURCE,R_FAC_STATUS_TYPE,SOURCE
900,R_SOURCE,SOURCE,R_FIELD_TYPE,SOURCE
901,R_PPDM_ROW_QUALITY,ROW_QUALITY_ID,R_FIN_COMPONENT_TYPE,ROW_QUALITY
902,R_SOURCE,SOURCE,R_FLUID_TYPE,SOURCE
903,R_SOURCE,SOURCE,R_FOS_ALIAS_TYPE,SOURCE
904,R_PPDM_ROW_QUALITY,ROW_QUALITY_ID,R_FOS_COLOR,ROW_QUALITY
905,R_SOURCE,SOURCE,R_FOS_DESC_TYPE,SOURCE
906,R_SOURCE,SOURCE,R_FOS_LIFE_HABIT,SOURCE
907,R_PPDM_ROW_QUALITY,ROW_QUALITY_ID,R_FOS_TAI_COLOR,ROW_QUALITY
908,R_PPDM_ROW_QUALITY,ROW_QUALITY_ID,R_GEOMETRY_FORMAT,ROW_QUALITY
909,R_PPDM_ROW_QUALITY,ROW_QUALITY_ID,R_GRANTED_RIGHT_TYPE,ROW_QUALITY
910,R_SOURCE,SOURCE,R_INCIDENT_CAUSE_CODE,SOURCE
911,R_SOURCE,SOURCE,R_INCIDENT_SUBST_ROLE,SOURCE
912,R_PPDM_ROW_QUALITY,ROW_QUALITY_ID,R_INFORMATION_PROCESS,ROW_QUALITY
913,R_PPDM_ROW_QUALITY,ROW_QUALITY_ID,R_INSP_STATUS,ROW_QUALITY
914,R_SOURCE,SOURCE,R_INSTRUMENT_COMP_TYPE,SOURCE
915,R_SOURCE,SOURCE,R_INST_DETAIL_CODE,SOURCE
916,R_PPDM_ROW_QUALITY,ROW_QUALITY_ID,R_INT_SET_TYPE,ROW_QUALITY
917,R_SOURCE,SOURCE,R_INT_SET_TYPE,SOURCE
918,R_RETENTION_PERIOD,RETENTION_PERIOD,R_ITEM_SUB_CATEGORY,RETENTION_PERIOD
919,R_SOURCE,SOURCE,R_LAND_BIDDER_TYPE,SOURCE
920,R_SOURCE,SOURCE,R_LAND_BID_STATUS,SOURCE
921,R_PPDM_ROW_QUALITY,ROW_QUALITY_ID,R_LAND_BID_TYPE,ROW_QUALITY
922,R_PPDM_ROW_QUALITY,ROW_QUALITY_ID,R_LAND_CASE_ACTION,ROW_QUALITY
923,R_SOURCE,SOURCE,R_LAND_CASE_TYPE,SOURCE
924,R_PPDM_ROW_QUALITY,ROW_QUALITY_ID,R_LAND_LESSOR_TYPE,ROW_QUALITY
925,R_PPDM_ROW_QUALITY,ROW_QUALITY_ID,R_LAND_OFFRING_STATUS,ROW_QUALITY
926,R_PPDM_ROW_QUALITY,ROW_QUALITY_ID,R_LAND_PROPERTY_TYPE,ROW_QUALITY
927,R_SOURCE,SOURCE,R_LINER_TYPE,SOURCE
928,R_PPDM_ROW_QUALITY,ROW_QUALITY_ID,R_LITHOLOGY,ROW_QUALITY
929,R_PPDM_ROW_QUALITY,ROW_QUALITY_ID,R_LITH_ABUNDANCE,ROW_QUALITY
930,R_PPDM_ROW_QUALITY,ROW_QUALITY_ID,R_LITH_BOUNDARY_TYPE,ROW_QUALITY
931,R_SOURCE,SOURCE,R_LITH_COLLECT_METHOD,SOURCE
932,R_SOURCE,SOURCE,R_LITH_COLOR,SOURCE
933,R_PPDM_ROW_QUALITY,ROW_QUALITY_ID,R_LITH_DIAGENESIS,ROW_QUALITY
934,R_SOURCE,SOURCE,R_LITH_LOG_COMP_TYPE,SOURCE
935,R_SOURCE,SOURCE,R_LITH_PREP_CLASS,SOURCE
936,R_SOURCE,SOURCE,R_LITH_ROCK_TYPE,SOURCE
937,R_PPDM_ROW_QUALITY,ROW_QUALITY_ID,R_LOCATION_QUALITY,ROW_QUALITY
938,R_SOURCE,SOURCE,R_LOG_CORRECT_METHOD,SOURCE
939,R_SOURCE,SOURCE,R_LOG_DEPTH_TYPE,SOURCE
940,PPDM_PROPERTY_SET,PROPERTY_SET_ID,R_LOG_INDEX_TYPE,PROPERTY_SET_ID
941,R_SOURCE,SOURCE,R_LR_FIELD_XREF,SOURCE
942,R_PPDM_ROW_QUALITY,ROW_QUALITY_ID,R_LR_SIZE_TYPE,ROW_QUALITY
943,R_PPDM_ROW_QUALITY,ROW_QUALITY_ID,R_L_OFFR_CANCEL_RSN,ROW_QUALITY
944,R_SOURCE,SOURCE,R_L_OFFR_CANCEL_RSN,SOURCE
945,PPDM_PROPERTY_SET,PROPERTY_SET_ID,R_MISC_DATA_CODE,PROPERTY_SET_ID
946,R_SOURCE,SOURCE,R_MONTH,SOURCE
947,PPDM_PROPERTY_SET,PROPERTY_SET_ID,R_MUD_PROPERTY_REF,PROPERTY_SET_ID
948,R_SOURCE,SOURCE,R_MUD_SAMPLE_TYPE,SOURCE
949,R_SOURCE,SOURCE,R_MUNICIPALITY,SOURCE
950,R_SOURCE,SOURCE,R_NODE_POSITION,SOURCE
951,R_PPDM_ROW_QUALITY,ROW_QUALITY_ID,R_OBLIG_REMARK_TYPE,ROW_QUALITY
952,R_SOURCE,SOURCE,R_OBLIG_SUSPEND_PAY,SOURCE
953,R_SOURCE,SOURCE,R_PALEO_IND_TYPE,SOURCE
954,R_SOURCE,SOURCE,R_PARCEL_TYPE,SOURCE
955,R_PPDM_ROW_QUALITY,ROW_QUALITY_ID,R_PDEN_XREF_TYPE,ROW_QUALITY
956,R_PPDM_ROW_QUALITY,ROW_QUALITY_ID,R_PERFORATION_METHOD,ROW_QUALITY
957,R_SOURCE,SOURCE,R_PERIOD_TYPE,SOURCE
958,R_PPDM_ROW_QUALITY,ROW_QUALITY_ID,R_PHYS_ITEM_GROUP_TYPE,ROW_QUALITY
959,R_PPDM_ROW_QUALITY,ROW_QUALITY_ID,R_PICK_QUALIF_REASON,ROW_QUALITY
960,R_SOURCE,SOURCE,R_PICK_QUALIF_REASON,SOURCE
961,R_SOURCE,SOURCE,R_PLATFORM_TYPE,SOURCE
962,R_PPDM_ROW_QUALITY,ROW_QUALITY_ID,R_PLOT_SYMBOL,ROW_QUALITY
963,R_SOURCE,SOURCE,R_POROSITY_TYPE,SOURCE
964,R_PPDM_ROW_QUALITY,ROW_QUALITY_ID,R_PPDM_DEFAULT_VALUE,ROW_QUALITY
965,R_PPDM_ROW_QUALITY,ROW_QUALITY_ID,R_PPDM_GROUP_USE,ROW_QUALITY
966,R_SOURCE,SOURCE,R_PPDM_METRIC_CODE,SOURCE
967,R_PPDM_ROW_QUALITY,ROW_QUALITY_ID,R_PPDM_METRIC_COMP_TYPE,ROW_QUALITY
968,R_PPDM_ROW_QUALITY,ROW_QUALITY_ID,R_PPDM_METRIC_TYPE,ROW_QUALITY
969,R_PPDM_ROW_QUALITY,ROW_QUALITY_ID,R_PPDM_OBJECT_STATUS,ROW_QUALITY
970,R_SOURCE,SOURCE,R_PPDM_OBJECT_TYPE,SOURCE
971,R_SOURCE,SOURCE,R_PPDM_QC_QUALITY,SOURCE
972,R_PPDM_ROW_QUALITY,ROW_QUALITY_ID,R_PPDM_QC_STATUS,ROW_QUALITY
973,R_SOURCE,SOURCE,R_PPDM_QC_STATUS,SOURCE
974,BUSINESS_ASSOCIATE,BUSINESS_ASSOCIATE,R_PPDM_RDBMS,VENDOR_BA_ID
975,R_SOURCE,SOURCE,R_PPDM_UOM_ALIAS_TYPE,SOURCE
976,R_PPDM_ROW_QUALITY,ROW_QUALITY_ID,R_PPDM_UOM_USAGE,ROW_QUALITY
977,R_PPDM_ROW_QUALITY,ROW_QUALITY_ID,R_PRESERVE_QUALITY,ROW_QUALITY
978,R_SOURCE,SOURCE,R_PRODUCT_COMPONENT_TYPE,SOURCE
979,R_STATUS_GROUP,STATUS_GROUP,R_PROD_STRING_STATUS,STATUS_GROUP
980,R_PPDM_ROW_QUALITY,ROW_QUALITY_ID,R_PROD_STRING_TYPE,ROW_QUALITY
981,R_PPDM_ROW_QUALITY,ROW_QUALITY_ID,R_PROJECT_COMP_TYPE,ROW_QUALITY
982,R_PPDM_ROW_QUALITY,ROW_QUALITY_ID,R_PROJECT_CONDITION,ROW_QUALITY
983,R_SOURCE,SOURCE,R_PROJECT_EQUIP_ROLE,SOURCE
984,R_PPDM_ROW_QUALITY,ROW_QUALITY_ID,R_PROJECT_TYPE,ROW_QUALITY
985,R_PPDM_ROW_QUALITY,ROW_QUALITY_ID,R_RATE_CONDITION,ROW_QUALITY
986,R_SOURCE,SOURCE,R_RATE_TYPE,SOURCE
987,R_PPDM_ROW_QUALITY,ROW_QUALITY_ID,R_RATIO_FLUID_TYPE,ROW_QUALITY
988,R_PPDM_ROW_QUALITY,ROW_QUALITY_ID,R_REMARK_TYPE,ROW_QUALITY
989,R_PPDM_ROW_QUALITY,ROW_QUALITY_ID,R_REMARK_USE_TYPE,ROW_QUALITY
990,R_PPDM_ROW_QUALITY,ROW_QUALITY_ID,R_REPORT_HIER_COMP,ROW_QUALITY
991,R_PPDM_ROW_QUALITY,ROW_QUALITY_ID,R_REPORT_HIER_LEVEL,ROW_QUALITY
992,R_SOURCE,SOURCE,R_RESENT_COMP_TYPE,SOURCE
993,R_PPDM_ROW_QUALITY,ROW_QUALITY_ID,R_RESENT_XREF_TYPE,ROW_QUALITY
994,R_SOURCE,SOURCE,R_REST_ACTIVITY,SOURCE
995,R_SOURCE,SOURCE,R_RIG_CATEGORY,SOURCE
996,R_SOURCE,SOURCE,R_RIG_CLASS,SOURCE
997,R_SOURCE,SOURCE,R_RIG_DESILTER_TYPE,SOURCE
998,R_PPDM_ROW_QUALITY,ROW_QUALITY_ID,R_RIG_PUMP,ROW_QUALITY
999,R_PPDM_ROW_QUALITY,ROW_QUALITY_ID,R_RIG_PUMP_FUNCTION,ROW_QUALITY
1000,R_SOURCE,SOURCE,R_RIG_SWIVEL_TYPE,SOURCE
1001,R_PPDM_ROW_QUALITY,ROW_QUALITY_ID,R_RMII_METADATA_CODE,ROW_QUALITY
1002,R_PPDM_ROW_QUALITY,ROW_QUALITY_ID,R_RMII_QUALITY_CODE,ROW_QUALITY
1003,R_SOURCE,SOURCE,R_RMII_STATUS,SOURCE
1004,R_PPDM_ROW_QUALITY,ROW_QUALITY_ID,R_RMII_STATUS_TYPE,ROW_QUALITY
1005,R_SOURCE,SOURCE,R_RMII_STATUS_TYPE,SOURCE
1006,R_SOURCE,SOURCE,R_ROAD_CONTROL_TYPE,SOURCE
1007,R_SOURCE,SOURCE,R_ROCK_CLASS_SCHEME,SOURCE
1008,R_SOURCE,SOURCE,R_SAMPLE_DESC_TYPE,SOURCE
1009,PPDM_PROPERTY_SET,PROPERTY_SET_ID,R_SAMPLE_DESC_TYPE,PROPERTY_SET_ID
1010,R_SOURCE,SOURCE,R_SEIS_3D_TYPE,SOURCE
1011,R_PPDM_ROW_QUALITY,ROW_QUALITY_ID,R_SEIS_AUTHORIZE_TYPE,ROW_QUALITY
1012,R_PPDM_ROW_QUALITY,ROW_QUALITY_ID,R_SEIS_CHANNEL_TYPE,ROW_QUALITY
1013,R_PPDM_ROW_QUALITY,ROW_QUALITY_ID,R_SEIS_RCRD_FMT_TYPE,ROW_QUALITY
1014,R_PPDM_ROW_QUALITY,ROW_QUALITY_ID,R_SEIS_RCVR_ARRY_TYPE,ROW_QUALITY
1015,R_SOURCE,SOURCE,R_SEIS_RECORD_TYPE,SOURCE
1016,R_PPDM_ROW_QUALITY,ROW_QUALITY_ID,R_SEIS_SET_COMPONENT_TYPE,ROW_QUALITY
1017,R_PPDM_ROW_QUALITY,ROW_QUALITY_ID,R_SEND_METHOD,ROW_QUALITY
1018,R_SOURCE,SOURCE,R_SEND_METHOD,SOURCE
1019,R_PPDM_ROW_QUALITY,ROW_QUALITY_ID,R_SERVICE_QUALITY,ROW_QUALITY
1020,R_SOURCE,SOURCE,R_SEVERITY,SOURCE
1021,R_SOURCE,SOURCE,R_SF_DOCK_TYPE,SOURCE
1022,R_PPDM_ROW_QUALITY,ROW_QUALITY_ID,R_SF_ELECTRIC_TYPE,ROW_QUALITY
1023,R_PPDM_ROW_QUALITY,ROW_QUALITY_ID,R_SF_STATUS_TYPE,ROW_QUALITY
1024,R_PPDM_ROW_QUALITY,ROW_QUALITY_ID,R_SF_VEHICLE_TYPE,ROW_QUALITY
1025,R_SOURCE,SOURCE,R_SF_VESSEL_TYPE,SOURCE
1026,R_PPDM_ROW_QUALITY,ROW_QUALITY_ID,R_SOURCE,ROW_QUALITY
1027,BUSINESS_ASSOCIATE,BUSINESS_ASSOCIATE,R_SOURCE_ORIGIN,OWNER_BA_ID
1028,R_SOURCE,SOURCE,R_SP_ZONE_DERIV,SOURCE
1029,R_PPDM_ROW_QUALITY,ROW_QUALITY_ID,R_STRAT_AGE_METHOD,ROW_QUALITY
1030,R_SOURCE,SOURCE,R_STRAT_COLUMN_TYPE,SOURCE
1031,R_SOURCE,SOURCE,R_STRAT_CORR_CRITERIA,SOURCE
1032,R_PPDM_ROW_QUALITY,ROW_QUALITY_ID,R_STRAT_OCCURRENCE_TYPE,ROW_QUALITY
1033,R_PPDM_ROW_QUALITY,ROW_QUALITY_ID,R_STRAT_UNIT_DESC,ROW_QUALITY
1034,R_PPDM_ROW_QUALITY,ROW_QUALITY_ID,R_STRAT_UNIT_QUALIFIER,ROW_QUALITY
1035,R_SOURCE,SOURCE,R_TEST_PERIOD_TYPE,SOURCE
1036,R_SOURCE,SOURCE,R_TEST_RESULT,SOURCE
1037,R_SOURCE,SOURCE,R_TITLE_OWN_TYPE,SOURCE
1038,R_SOURCE,SOURCE,R_TRANS_STATUS,SOURCE
1039,R_PPDM_ROW_QUALITY,ROW_QUALITY_ID,R_TUBING_GRADE,ROW_QUALITY
1040,R_PPDM_ROW_QUALITY,ROW_QUALITY_ID,R_VSP_TYPE,ROW_QUALITY
1041,R_SOURCE,SOURCE,R_WASTE_ADJUST_REASON,SOURCE
1042,R_PPDM_ROW_QUALITY,ROW_QUALITY_ID,R_WATER_BOTTOM_ZONE,ROW_QUALITY
1043,R_SOURCE,SOURCE,R_WATER_BOTTOM_ZONE,SOURCE
1044,R_PPDM_ROW_QUALITY,ROW_QUALITY_ID,R_WELL_DATUM_TYPE,ROW_QUALITY
1045,R_SOURCE,SOURCE,R_WELL_DOWNTIME_TYPE,SOURCE
1046,R_PPDM_ROW_QUALITY,ROW_QUALITY_ID,R_WELL_FACILITY_USE_TYPE,ROW_QUALITY
1047,R_PPDM_ROW_QUALITY,ROW_QUALITY_ID,R_WELL_LIC_COND,ROW_QUALITY
1048,R_PPDM_ROW_QUALITY,ROW_QUALITY_ID,R_WELL_SERV_METRIC_CODE,ROW_QUALITY
1049,R_PPDM_ROW_QUALITY,ROW_QUALITY_ID,R_WELL_TEST_TYPE,ROW_QUALITY
1050,R_SOURCE,SOURCE,R_WELL_ZONE_INT_VALUE,SOURCE
1051,R_SOURCE,SOURCE,R_WIND_STRENGTH,SOURCE
1052,R_WO_TYPE,WORK_ORDER_TYPE,R_WO_CONDITION,WORK_ORDER_TYPE
1053,R_PPDM_ROW_QUALITY,ROW_QUALITY_ID,R_WO_TYPE,ROW_QUALITY
1054,R_PPDM_ROW_QUALITY,ROW_QUALITY_ID,R_ADDRESS_TYPE,ROW_QUALITY
1055,R_PPDM_ROW_QUALITY,ROW_QUALITY_ID,R_ALLOCATION_TYPE,ROW_QUALITY
1056,R_SOURCE,SOURCE,R_API_LOG_SYSTEM,SOURCE
1057,R_SOURCE,SOURCE,R_APPLIC_BA_ROLE,SOURCE
1058,R_PPDM_ROW_QUALITY,ROW_QUALITY_ID,R_APPLIC_DESC,ROW_QUALITY
1059,R_APPLIC_TYPE,APPLICATION_TYPE,R_APPLIC_DESC,APPLICATION_TYPE
1060,R_PPDM_ROW_QUALITY,ROW_QUALITY_ID,R_APPLIC_STATUS,ROW_QUALITY
1061,R_PPDM_ROW_QUALITY,ROW_QUALITY_ID,R_AREA_CONTAIN_TYPE,ROW_QUALITY
1062,R_SOURCE,SOURCE,R_AREA_DESC_CODE,SOURCE
1063,R_AREA_DESC_TYPE,AREA_DESC_TYPE,R_AREA_DESC_CODE,AREA_DESC_TYPE
1064,R_SOURCE,SOURCE,R_AREA_TYPE,SOURCE
1065,R_PPDM_ROW_QUALITY,ROW_QUALITY_ID,R_BA_CONTACT_LOC_TYPE,ROW_QUALITY
1066,R_PPDM_ROW_QUALITY,ROW_QUALITY_ID,R_BA_LIC_VIOLATION_TYPE,ROW_QUALITY
1067,R_SOURCE,SOURCE,R_BA_LIC_VIOLATION_TYPE,SOURCE
1068,R_SOURCE,SOURCE,R_BA_PREF_TYPE,SOURCE
1069,R_SOURCE,SOURCE,R_BA_XREF_TYPE,SOURCE
1070,R_PPDM_ROW_QUALITY,ROW_QUALITY_ID,R_BLOWOUT_FLUID,ROW_QUALITY
1071,R_PPDM_ROW_QUALITY,ROW_QUALITY_ID,R_CAT_ADDITIVE_GROUP,ROW_QUALITY
1072,PPDM_PROPERTY_SET,PROPERTY_SET_ID,R_CAT_ADDITIVE_SPEC,PROPERTY_SET_ID
1073,R_SOURCE,SOURCE,R_CHECKSHOT_SRVY_TYPE,SOURCE
1074,R_SOURCE,SOURCE,R_CLASS_DESC_PROPERTY,SOURCE
1075,R_PPDM_ROW_QUALITY,ROW_QUALITY_ID,R_CLASS_LEV_XREF_TYPE,ROW_QUALITY
1076,R_PPDM_ROW_QUALITY,ROW_QUALITY_ID,R_CLASS_SYST_XREF_TYPE,ROW_QUALITY
1077,R_PPDM_ROW_QUALITY,ROW_QUALITY_ID,R_CONDITION_TYPE,ROW_QUALITY
1078,R_SOURCE,SOURCE,R_CONFIDENTIAL_REASON,SOURCE
1079,R_SOURCE,SOURCE,R_CONFIDENTIAL_TYPE,SOURCE
1080,R_PPDM_ROW_QUALITY,ROW_QUALITY_ID,R_CONFORMITY_RELATION,ROW_QUALITY
1081,R_PPDM_ROW_QUALITY,ROW_QUALITY_ID,R_CONSENT_CONDITION,ROW_QUALITY
1082,R_SOURCE,SOURCE,R_CONSENT_STATUS,SOURCE
1083,R_SOURCE,SOURCE,R_CONSENT_TYPE,SOURCE
1084,R_PPDM_ROW_QUALITY,ROW_QUALITY_ID,R_CONSULT_RESOLUTION,ROW_QUALITY
1085,R_PPDM_ROW_QUALITY,ROW_QUALITY_ID,R_CONSULT_XREF_TYPE,ROW_QUALITY
1086,R_SOURCE,SOURCE,R_CONTEST_TYPE,SOURCE
1087,R_SOURCE,SOURCE,R_CONTRACT_COMP_TYPE,SOURCE
1088,R_PPDM_ROW_QUALITY,ROW_QUALITY_ID,R_CONT_OPERATING_PROC,ROW_QUALITY
1089,R_SOURCE,SOURCE,R_CONT_PROVISION_TYPE,SOURCE
1090,R_PPDM_ROW_QUALITY,ROW_QUALITY_ID,R_CONT_STATUS_TYPE,ROW_QUALITY
1091,R_SOURCE,SOURCE,R_CONT_VOTE_TYPE,SOURCE
1092,R_PPDM_ROW_QUALITY,ROW_QUALITY_ID,R_CORE_HANDLING,ROW_QUALITY
1093,R_SOURCE,SOURCE,R_CORE_RECOVERY_TYPE,SOURCE
1094,R_SOURCE,SOURCE,R_CORE_SAMPLE_TYPE,SOURCE
1095,R_SOURCE,SOURCE,R_CORE_SOLVENT,SOURCE
1096,R_PPDM_ROW_QUALITY,ROW_QUALITY_ID,R_CREATOR_TYPE,ROW_QUALITY
1097,R_PPDM_ROW_QUALITY,ROW_QUALITY_ID,R_CS_TRANSFORM_TYPE,ROW_QUALITY
1098,R_PPDM_ROW_QUALITY,ROW_QUALITY_ID,R_CURVE_SCALE,ROW_QUALITY
1099,R_PPDM_ROW_QUALITY,ROW_QUALITY_ID,R_CURVE_TYPE,ROW_QUALITY
1100,R_DECLINE_COND_TYPE,CONDITION_TYPE,R_DECLINE_COND_CODE,CONDITION_TYPE
1101,R_PPDM_ROW_QUALITY,ROW_QUALITY_ID,R_DEDUCT_TYPE,ROW_QUALITY
1102,R_PPDM_ROW_QUALITY,ROW_QUALITY_ID,R_DIR_SRVY_RECORD,ROW_QUALITY
1103,R_PPDM_ROW_QUALITY,ROW_QUALITY_ID,R_DRILL_ASSEMBLY_COMP,ROW_QUALITY
1104,R_SOURCE,SOURCE,R_ECOZONE_HIER_LEVEL,SOURCE
1105,R_PPDM_ROW_QUALITY,ROW_QUALITY_ID,R_ECOZONE_XREF,ROW_QUALITY
1106,R_PPDM_ROW_QUALITY,ROW_QUALITY_ID,R_ENT_ACCESS_TYPE,ROW_QUALITY
1107,R_PPDM_ROW_QUALITY,ROW_QUALITY_ID,R_EQUIP_INSTALL_LOC,ROW_QUALITY
1108,R_PPDM_ROW_QUALITY,ROW_QUALITY_ID,R_EQUIP_MAINT_STATUS,ROW_QUALITY
1109,R_SOURCE,SOURCE,R_EQUIP_MAINT_STATUS,SOURCE
1110,R_PPDM_ROW_QUALITY,ROW_QUALITY_ID,R_EQUIP_REMOVE_REASON,ROW_QUALITY
1111,R_PPDM_ROW_QUALITY,ROW_QUALITY_ID,R_EQUIP_STATUS,ROW_QUALITY
1112,R_SOURCE,SOURCE,R_EW_DIRECTION,SOURCE
1113,R_SOURCE,SOURCE,R_FACILITY_COMP_TYPE,SOURCE
1114,R_PPDM_ROW_QUALITY,ROW_QUALITY_ID,R_FACILITY_STATUS,ROW_QUALITY
1115,PPDM_PROPERTY_SET,PROPERTY_SET_ID,R_FAC_LIC_COND,PROPERTY_SET_ID
1116,R_SOURCE,SOURCE,R_FAC_LIC_COND_CODE,SOURCE
1117,R_SOURCE,SOURCE,R_FAC_LIC_EXTEND_TYPE,SOURCE
1118,R_SOURCE,SOURCE,R_FAC_LIC_VIOLATION_TYPE,SOURCE
1119,R_SOURCE,SOURCE,R_FAC_LIC_VIOL_RESOL,SOURCE
1120,R_PPDM_ROW_QUALITY,ROW_QUALITY_ID,R_FAC_MAINTAIN_TYPE,ROW_QUALITY
1121,R_PPDM_ROW_QUALITY,ROW_QUALITY_ID,R_FOOTAGE_ORIGIN,ROW_QUALITY
1122,R_SOURCE,SOURCE,R_GRANTED_RIGHT_TYPE,SOURCE
1123,R_PPDM_ROW_QUALITY,ROW_QUALITY_ID,R_HOLE_CONDITION,ROW_QUALITY
1124,R_PPDM_ROW_QUALITY,ROW_QUALITY_ID,R_HORIZ_DRILL_REASON,ROW_QUALITY
1125,R_SOURCE,SOURCE,R_IMAGE_CALIBRATE_METHOD,SOURCE
1126,R_PPDM_ROW_QUALITY,ROW_QUALITY_ID,R_IMAGE_SECTION_TYPE,ROW_QUALITY
1127,R_SOURCE,SOURCE,R_INPUT_TYPE,SOURCE
1128,R_PPDM_ROW_QUALITY,ROW_QUALITY_ID,R_INSP_COMP_TYPE,ROW_QUALITY
1129,R_PPDM_ROW_QUALITY,ROW_QUALITY_ID,R_INSTRUMENT_COMP_TYPE,ROW_QUALITY
1130,R_SOURCE,SOURCE,R_INST_DETAIL_TYPE,SOURCE
1131,R_SOURCE,SOURCE,R_INT_SET_TRIGGER,SOURCE
1132,R_SOURCE,SOURCE,R_ITEM_CATEGORY,SOURCE
1133,R_SOURCE,SOURCE,R_LAND_BID_TYPE,SOURCE
1134,R_PPDM_ROW_QUALITY,ROW_QUALITY_ID,R_LAND_REF_NUM_TYPE,ROW_QUALITY
1135,R_PPDM_ROW_QUALITY,ROW_QUALITY_ID,R_LEGAL_SURVEY_TYPE,ROW_QUALITY
1136,R_SOURCE,SOURCE,R_LIC_STATUS_TYPE,SOURCE
1137,R_PPDM_ROW_QUALITY,ROW_QUALITY_ID,R_LITH_DEP_ENV,ROW_QUALITY
1138,R_SOURCE,SOURCE,R_LITH_DEP_ENV,SOURCE
1139,R_SOURCE,SOURCE,R_LITH_OIL_STAIN,SOURCE
1140,R_PPDM_ROW_QUALITY,ROW_QUALITY_ID,R_LITH_PATTERN_CODE,ROW_QUALITY
1141,R_PPDM_ROW_QUALITY,ROW_QUALITY_ID,R_LITH_ROCK_PROFILE,ROW_QUALITY
1142,R_PPDM_ROW_QUALITY,ROW_QUALITY_ID,R_LITH_SCALE_SCHEME,ROW_QUALITY
1143,R_PPDM_ROW_QUALITY,ROW_QUALITY_ID,R_LITH_SOURCE,ROW_QUALITY
1144,R_PPDM_ROW_QUALITY,ROW_QUALITY_ID,R_LITH_STRUCTURE,ROW_QUALITY
1145,R_SOURCE,SOURCE,R_LOCATION_DESC_TYPE,SOURCE
1146,R_PPDM_ROW_QUALITY,ROW_QUALITY_ID,R_LOCATION_TYPE,ROW_QUALITY
1147,R_PPDM_ROW_QUALITY,ROW_QUALITY_ID,R_LOG_CRV_CLASS_SYSTEM,ROW_QUALITY
1148,R_PPDM_ROW_QUALITY,ROW_QUALITY_ID,R_MAINT_PROCESS,ROW_QUALITY
1149,R_PPDM_ROW_QUALITY,ROW_QUALITY_ID,R_MBAL_CURVE_TYPE,ROW_QUALITY
1150,R_SOURCE,SOURCE,R_MEASUREMENT_TYPE,SOURCE
1151,R_SOURCE,SOURCE,R_MEASURE_TECHNIQUE,SOURCE
1152,R_SOURCE,SOURCE,R_MISC_DATA_CODE,SOURCE
1153,R_PPDM_ROW_QUALITY,ROW_QUALITY_ID,R_MUD_COLLECT_REASON,ROW_QUALITY
1154,R_SOURCE,SOURCE,R_MUD_COLLECT_REASON,SOURCE
1155,R_PPDM_ROW_QUALITY,ROW_QUALITY_ID,R_MUD_SAMPLE_TYPE,ROW_QUALITY
1156,R_SOURCE,SOURCE,R_NS_DIRECTION,SOURCE
1157,R_PPDM_ROW_QUALITY,ROW_QUALITY_ID,R_OBLIG_CALC_METHOD,ROW_QUALITY
1158,R_PPDM_ROW_QUALITY,ROW_QUALITY_ID,R_OBLIG_CALC_POINT,ROW_QUALITY
1159,R_SOURCE,SOURCE,R_OBLIG_PAY_RESP,SOURCE
1160,R_SOURCE,SOURCE,R_OFFSHORE_COMP_TYPE,SOURCE
1161,R_SOURCE,SOURCE,R_ONTOGENY_TYPE,SOURCE
1162,R_PPDM_ROW_QUALITY,ROW_QUALITY_ID,R_ORIENTATION,ROW_QUALITY
1163,R_SOURCE,SOURCE,R_ORIENTATION,SOURCE
1164,R_SOURCE,SOURCE,R_PALEO_INTERP_TYPE,SOURCE
1165,R_PPDM_ROW_QUALITY,ROW_QUALITY_ID,R_PARCEL_LOT_TYPE,ROW_QUALITY
1166,R_PPDM_ROW_QUALITY,ROW_QUALITY_ID,R_PAY_DETAIL_TYPE,ROW_QUALITY
1167,R_PPDM_ROW_QUALITY,ROW_QUALITY_ID,R_PDEN_AMEND_REASON,ROW_QUALITY
1168,R_SOURCE,SOURCE,R_PERFORATION_TYPE,SOURCE
1169,R_PPDM_ROW_QUALITY,ROW_QUALITY_ID,R_PERIOD_TYPE,ROW_QUALITY
1170,R_PPDM_ROW_QUALITY,ROW_QUALITY_ID,R_PHYSICAL_PROCESS,ROW_QUALITY
1171,R_SOURCE,SOURCE,R_PHYS_ITEM_GROUP_TYPE,SOURCE
1172,R_SOURCE,SOURCE,R_PLOT_SYMBOL,SOURCE
1173,R_PPDM_ROW_QUALITY,ROW_QUALITY_ID,R_PLUG_TYPE,ROW_QUALITY
1174,R_SOURCE,SOURCE,R_POOL_COMPONENT_TYPE,SOURCE
1175,R_SOURCE,SOURCE,R_PPDM_DEFAULT_VALUE,SOURCE
1176,R_SOURCE,SOURCE,R_PPDM_ENFORCE_METHOD,SOURCE
1177,R_PPDM_ROW_QUALITY,ROW_QUALITY_ID,R_PPDM_PROC_TYPE,ROW_QUALITY
1178,R_PPDM_ROW_QUALITY,ROW_QUALITY_ID,R_PPDM_QC_QUALITY,ROW_QUALITY
1179,R_PPDM_ROW_QUALITY,ROW_QUALITY_ID,R_PPDM_QC_TYPE,ROW_QUALITY
1180,R_SOURCE,SOURCE,R_PPDM_RULE_USE_COND,SOURCE
1181,R_SOURCE,SOURCE,R_PROD_STRING_COMP_TYPE,SOURCE
1182,R_PPDM_ROW_QUALITY,ROW_QUALITY_ID,R_PUBLICATION_NAME,ROW_QUALITY
1183,R_SOURCE,SOURCE,R_RATE_CONDITION,SOURCE
1184,R_SOURCE,SOURCE,R_REMARK_TYPE,SOURCE
1185,R_SOURCE,SOURCE,R_REMARK_USE_TYPE,SOURCE
1186,R_SOURCE,SOURCE,R_REPORT_HIER_LEVEL,SOURCE
1187,R_PPDM_ROW_QUALITY,ROW_QUALITY_ID,R_REP_HIER_ALIAS_TYPE,ROW_QUALITY
1188,R_PPDM_ROW_QUALITY,ROW_QUALITY_ID,R_RESENT_REV_CAT,ROW_QUALITY
1189,R_SOURCE,SOURCE,R_RESENT_XREF_TYPE,SOURCE
1190,R_PPDM_ROW_QUALITY,ROW_QUALITY_ID,R_RIG_DESANDER_TYPE,ROW_QUALITY
1191,R_SOURCE,SOURCE,R_RIG_GENERATOR_TYPE,SOURCE
1192,R_SOURCE,SOURCE,R_RMII_DEFICIENCY,SOURCE
1193,R_SOURCE,SOURCE,R_ROAD_DRIVING_SIDE,SOURCE
1194,R_PPDM_ROW_QUALITY,ROW_QUALITY_ID,R_ROCK_CLASS_SCHEME,ROW_QUALITY
1195,R_SOURCE,SOURCE,R_ROLL_ALONG_METHOD,SOURCE
1196,R_PPDM_ROW_QUALITY,ROW_QUALITY_ID,R_ROYALTY_TYPE,ROW_QUALITY
1197,R_SOURCE,SOURCE,R_SAMPLE_ANAL_COMP_TYPE,SOURCE
1198,R_PPDM_ROW_QUALITY,ROW_QUALITY_ID,R_SAMPLE_TYPE,ROW_QUALITY
1199,R_PPDM_ROW_QUALITY,ROW_QUALITY_ID,R_SEIS_ACTIVITY_CLASS,ROW_QUALITY
1200,R_PPDM_ROW_QUALITY,ROW_QUALITY_ID,R_SEIS_AUTHORIZE_REASON,ROW_QUALITY
1201,R_SOURCE,SOURCE,R_SEIS_BIN_OUTLINE_TYPE,SOURCE
1202,R_SOURCE,SOURCE,R_SEIS_CHANNEL_TYPE,SOURCE
1203,PPDM_PROPERTY_SET,PROPERTY_SET_ID,R_SEIS_LIC_COND,PROPERTY_SET_ID
1204,R_SEIS_LIC_COND,CONDITION_TYPE,R_SEIS_LIC_COND_CODE,CONDITION_TYPE
1205,R_SOURCE,SOURCE,R_SEIS_REF_DATUM,SOURCE
1206,R_PPDM_ROW_QUALITY,ROW_QUALITY_ID,R_SEIS_SAMPLE_TYPE,ROW_QUALITY
1207,R_SOURCE,SOURCE,R_SEIS_SRC_ARRAY_TYPE,SOURCE
1208,R_SOURCE,SOURCE,R_SF_BRIDGE_TYPE,SOURCE
1209,R_SF_DESC_TYPE,DESC_TYPE,R_SF_DESC_VALUE,DESC_TYPE
1210,R_SOURCE,SOURCE,R_SF_PAD_TYPE,SOURCE
1211,R_PPDM_ROW_QUALITY,ROW_QUALITY_ID,R_SF_XREF_TYPE,ROW_QUALITY
1212,SOURCE_DOCUMENT,SOURCE_DOCUMENT,R_SOURCE_ORIGIN,SOURCE_DOCUMENT
1213,R_PPDM_ROW_QUALITY,ROW_QUALITY_ID,R_SPACING_UNIT_TYPE,ROW_QUALITY
1214,R_PPDM_ROW_QUALITY,ROW_QUALITY_ID,R_SPATIAL_DESC_COMP_TYPE,ROW_QUALITY
1215,R_PPDM_ROW_QUALITY,ROW_QUALITY_ID,R_SPATIAL_XREF_TYPE,ROW_QUALITY
1216,R_PPDM_ROW_QUALITY,ROW_QUALITY_ID,R_STRAT_EQUIV_TYPE,ROW_QUALITY
1217,R_SOURCE,SOURCE,R_STRAT_HIERARCHY,SOURCE
1218,R_SOURCE,SOURCE,R_STRAT_NAME_SET_TYPE,SOURCE
1219,R_SOURCE,SOURCE,R_STRAT_OCCURRENCE_TYPE,SOURCE
1220,R_PPDM_ROW_QUALITY,ROW_QUALITY_ID,R_STRAT_TYPE,ROW_QUALITY
1221,R_PPDM_ROW_QUALITY,ROW_QUALITY_ID,R_SUBSTANCE_COMP_TYPE,ROW_QUALITY
1222,BUSINESS_ASSOCIATE,BUSINESS_ASSOCIATE,R_SW_APPLICATION,OWNER_BA_ID
1223,R_PPDM_ROW_QUALITY,ROW_QUALITY_ID,R_TEST_EQUIPMENT,ROW_QUALITY
1224,R_PPDM_ROW_QUALITY,ROW_QUALITY_ID,R_TEST_SHUTOFF_TYPE,ROW_QUALITY
1225,R_SOURCE,SOURCE,R_TEST_SHUTOFF_TYPE,SOURCE
1226,R_SOURCE,SOURCE,R_TEST_SUBTYPE,SOURCE
1227,R_SOURCE,SOURCE,R_TRACE_HEADER_WORD,SOURCE
1228,R_PPDM_ROW_QUALITY,ROW_QUALITY_ID,R_TRANS_STATUS,ROW_QUALITY
1229,R_PPDM_ROW_QUALITY,ROW_QUALITY_ID,R_TUBING_TYPE,ROW_QUALITY
1230,R_SOURCE,SOURCE,R_VSP_TYPE,SOURCE
1231,R_SOURCE,SOURCE,R_WASTE_MATERIAL,SOURCE
1232,R_PPDM_ROW_QUALITY,ROW_QUALITY_ID,R_WATER_CONDITION,ROW_QUALITY
1233,R_PPDM_ROW_QUALITY,ROW_QUALITY_ID,R_WATER_TYPE,ROW_QUALITY
1234,R_SOURCE,SOURCE,R_WEATHER_CONDITION,SOURCE
1235,R_WELL_LIC_COND,CONDITION_TYPE,R_WELL_LIC_COND_CODE,CONDITION_TYPE
1236,R_SOURCE,SOURCE,R_WELL_SF_USE_TYPE,SOURCE
1237,R_SOURCE,SOURCE,R_WELL_STATUS_TYPE,SOURCE
1238,R_PPDM_ROW_QUALITY,ROW_QUALITY_ID,R_WELL_XREF_TYPE,ROW_QUALITY
1239,R_PPDM_ROW_QUALITY,ROW_QUALITY_ID,R_WO_DELIVERY_TYPE,ROW_QUALITY
1240,R_PPDM_ROW_QUALITY,ROW_QUALITY_ID,R_ACCESS_CONDITION,ROW_QUALITY
1241,R_SOURCE,SOURCE,R_ACCOUNT_PROC_TYPE,SOURCE
1242,R_SOURCE,SOURCE,R_ADDRESS_TYPE,SOURCE
1243,R_SOURCE,SOURCE,R_AIRCRAFT_TYPE,SOURCE
1244,R_PPDM_ROW_QUALITY,ROW_QUALITY_ID,R_ALIAS_REASON_TYPE,ROW_QUALITY
1245,R_PPDM_ROW_QUALITY,ROW_QUALITY_ID,R_ANALYSIS_PROPERTY,ROW_QUALITY
1246,R_PPDM_ROW_QUALITY,ROW_QUALITY_ID,R_AOF_CALC_METHOD,ROW_QUALITY
1247,R_PPDM_ROW_QUALITY,ROW_QUALITY_ID,R_APPLIC_ATTACHMENT,ROW_QUALITY
1248,PPDM_PROPERTY_SET,PROPERTY_SET_ID,R_APPLIC_DESC,PROPERTY_SET_ID
1249,R_SOURCE,SOURCE,R_APPLIC_REMARK_TYPE,SOURCE
1250,R_PPDM_ROW_QUALITY,ROW_QUALITY_ID,R_AUTHORITY_TYPE,ROW_QUALITY
1251,R_SOURCE,SOURCE,R_BA_CONTACT_LOC_TYPE,SOURCE
1252,R_PPDM_ROW_QUALITY,ROW_QUALITY_ID,R_BA_CREW_OVERHEAD_TYPE,ROW_QUALITY
1253,R_SOURCE,SOURCE,R_BA_CREW_OVERHEAD_TYPE,SOURCE
1254,R_SOURCE,SOURCE,R_BA_CREW_TYPE,SOURCE
1255,PPDM_PROPERTY_SET,PROPERTY_SET_ID,R_BA_DESC_TYPE,PROPERTY_SET_ID
1256,R_PPDM_ROW_QUALITY,ROW_QUALITY_ID,R_BA_LIC_VIOL_RESOL,ROW_QUALITY
1257,R_SOURCE,SOURCE,R_BA_LIC_VIOL_RESOL,SOURCE
1258,R_SOURCE,SOURCE,R_BA_ORGANIZATION_TYPE,SOURCE
1259,R_PPDM_ROW_QUALITY,ROW_QUALITY_ID,R_BA_PERMIT_TYPE,ROW_QUALITY
1260,R_SOURCE,SOURCE,R_BA_PERMIT_TYPE,SOURCE
1261,R_SOURCE,SOURCE,R_BA_TYPE,SOURCE
1262,R_PPDM_ROW_QUALITY,ROW_QUALITY_ID,R_BHP_METHOD,ROW_QUALITY
1263,R_SOURCE,SOURCE,R_BHP_METHOD,SOURCE
1264,R_SOURCE,SOURCE,R_BIT_BEARING_CONDITION,SOURCE
1265,R_SOURCE,SOURCE,R_BIT_CUT_STRUCT_DULL,SOURCE
1266,R_SOURCE,SOURCE,R_BUILDUP_RADIUS_TYPE,SOURCE
1267,R_PPDM_ROW_QUALITY,ROW_QUALITY_ID,R_CAT_ADDITIVE_SPEC,ROW_QUALITY
1268,R_PPDM_ROW_QUALITY,ROW_QUALITY_ID,R_COLOR,ROW_QUALITY
1269,R_COLOR_PALETTE,COLOR_PALETTE,R_COLOR,COLOR_PALETTE
1270,R_PPDM_ROW_QUALITY,ROW_QUALITY_ID,R_COLOR_FORMAT,ROW_QUALITY
1271,R_PPDM_ROW_QUALITY,ROW_QUALITY_ID,R_COLOR_PALETTE,ROW_QUALITY
1272,R_SOURCE,SOURCE,R_COMPLETION_TYPE,SOURCE
1273,R_PPDM_ROW_QUALITY,ROW_QUALITY_ID,R_CONFIDENTIAL_TYPE,ROW_QUALITY
1274,R_SOURCE,SOURCE,R_CONSENT_COMP_TYPE,SOURCE
1275,R_PPDM_ROW_QUALITY,ROW_QUALITY_ID,R_CONTACT_ROLE,ROW_QUALITY
1276,R_SOURCE,SOURCE,R_CONTEST_RESOLUTION,SOURCE
1277,R_PPDM_ROW_QUALITY,ROW_QUALITY_ID,R_CONTRACT_COMP_TYPE,ROW_QUALITY
1278,R_SOURCE,SOURCE,R_CONT_COMP_REASON,SOURCE
1279,R_SOURCE,SOURCE,R_CONT_OPERATING_PROC,SOURCE
1280,R_PPDM_ROW_QUALITY,ROW_QUALITY_ID,R_CONT_PROVISION_TYPE,ROW_QUALITY
1281,R_PPDM_ROW_QUALITY,ROW_QUALITY_ID,R_CONT_TYPE,ROW_QUALITY
1282,R_SOURCE,SOURCE,R_CONT_VOTE_RESPONSE,SOURCE
1283,R_PPDM_ROW_QUALITY,ROW_QUALITY_ID,R_COORD_SYSTEM_TYPE,ROW_QUALITY
1284,R_PPDM_ROW_QUALITY,ROW_QUALITY_ID,R_CUSHION_TYPE,ROW_QUALITY
1285,R_PPDM_ROW_QUALITY,ROW_QUALITY_ID,R_DATA_CIRC_PROCESS,ROW_QUALITY
1286,R_PPDM_ROW_QUALITY,ROW_QUALITY_ID,R_DIR_SRVY_CLASS,ROW_QUALITY
1287,R_SOURCE,SOURCE,R_DIR_SRVY_CLASS,SOURCE
1288,R_PPDM_ROW_QUALITY,ROW_QUALITY_ID,R_DRILL_BIT_CONDITION,ROW_QUALITY
1289,PPDM_PROPERTY_SET,PROPERTY_SET_ID,R_DRILL_BIT_DETAIL_TYPE,PROPERTY_SET_ID
1290,R_SOURCE,SOURCE,R_DRILL_HOLE_POSITION,SOURCE
1291,R_SOURCE,SOURCE,R_DRILL_STAT_TYPE,SOURCE
1292,R_PPDM_ROW_QUALITY,ROW_QUALITY_ID,R_ECONOMIC_SCENARIO,ROW_QUALITY
1293,R_PPDM_ROW_QUALITY,ROW_QUALITY_ID,R_ECOZONE_TYPE,ROW_QUALITY
1294,R_SOURCE,SOURCE,R_ENT_TYPE,SOURCE
1295,R_SOURCE,SOURCE,R_EQUIP_INSTALL_LOC,SOURCE
1296,R_PPDM_ROW_QUALITY,ROW_QUALITY_ID,R_EQUIP_MAINT_LOC,ROW_QUALITY
1297,R_EQUIP_MAINT_STAT_TYPE,MAINTAIN_STATUS_TYPE,R_EQUIP_MAINT_STATUS,MAINTAIN_STATUS_TYPE
1298,R_SOURCE,SOURCE,R_EQUIP_USE_STAT_TYPE,SOURCE
1299,R_PPDM_ROW_QUALITY,ROW_QUALITY_ID,R_FAC_LIC_COND_CODE,ROW_QUALITY
1300,R_PPDM_ROW_QUALITY,ROW_QUALITY_ID,R_FAC_LIC_DUE_CONDITION,ROW_QUALITY
1301,R_SOURCE,SOURCE,R_FAC_PIPE_COVER,SOURCE
1302,R_SOURCE,SOURCE,R_FAC_PIPE_TYPE,SOURCE
1303,R_PPDM_ROW_QUALITY,ROW_QUALITY_ID,R_FAULT_TYPE,ROW_QUALITY
1304,R_PPDM_ROW_QUALITY,ROW_QUALITY_ID,R_FIELD_COMPONENT_TYPE,ROW_QUALITY
1305,R_SOURCE,SOURCE,R_FIELD_COMPONENT_TYPE,SOURCE
1306,R_SOURCE,SOURCE,R_FIELD_STATION_TYPE,SOURCE
1307,R_SOURCE,SOURCE,R_FIN_STATUS,SOURCE
1308,R_PPDM_ROW_QUALITY,ROW_QUALITY_ID,R_FIN_TYPE,ROW_QUALITY
1309,R_PPDM_ROW_QUALITY,ROW_QUALITY_ID,R_FONT_EFFECT,ROW_QUALITY
1310,R_SOURCE,SOURCE,R_FOS_DESC_CODE,SOURCE
1311,R_SOURCE,SOURCE,R_FOS_NAME_SET_TYPE,SOURCE
1312,R_SOURCE,SOURCE,R_GEOMETRY_FORMAT,SOURCE
1313,R_PPDM_ROW_QUALITY,ROW_QUALITY_ID,R_IMAGE_CALIBRATE_METHOD,ROW_QUALITY
1314,R_SOURCE,SOURCE,R_INCIDENT_BA_ROLE,SOURCE
1315,R_SOURCE,SOURCE,R_INCIDENT_RESP_RESULT,SOURCE
1316,R_PPDM_ROW_QUALITY,ROW_QUALITY_ID,R_INSTRUMENT_TYPE,ROW_QUALITY
1317,R_PPDM_ROW_QUALITY,ROW_QUALITY_ID,R_INST_DETAIL_CODE,ROW_QUALITY
1318,R_PPDM_ROW_QUALITY,ROW_QUALITY_ID,R_INST_DETAIL_REF_VALUE,ROW_QUALITY
1319,R_SOURCE,SOURCE,R_INTERP_ORIGIN_TYPE,SOURCE
1320,R_PPDM_ROW_QUALITY,ROW_QUALITY_ID,R_INT_SET_TRIGGER,ROW_QUALITY
1321,R_PPDM_ROW_QUALITY,ROW_QUALITY_ID,R_INT_SET_XREF_TYPE,ROW_QUALITY
1322,R_PPDM_ROW_QUALITY,ROW_QUALITY_ID,R_LAND_AGREE_TYPE,ROW_QUALITY
1323,R_SOURCE,SOURCE,R_LAND_AGREE_TYPE,SOURCE
1324,R_SOURCE,SOURCE,R_LAND_COMPONENT_TYPE,SOURCE
1325,R_PPDM_ROW_QUALITY,ROW_QUALITY_ID,R_LAND_REQUEST_TYPE,ROW_QUALITY
1326,R_SOURCE,SOURCE,R_LAND_REQ_STATUS,SOURCE
1327,R_SOURCE,SOURCE,R_LAND_STATUS_TYPE,SOURCE
1328,R_PPDM_ROW_QUALITY,ROW_QUALITY_ID,R_LAND_TITLE_CHG_RSN,ROW_QUALITY
1329,R_SOURCE,SOURCE,R_LAND_TITLE_TYPE,SOURCE
1330,R_PPDM_ROW_QUALITY,ROW_QUALITY_ID,R_LAND_TRACT_TYPE,ROW_QUALITY
1331,R_PPDM_ROW_QUALITY,ROW_QUALITY_ID,R_LAND_UNIT_TYPE,ROW_QUALITY
1332,R_PPDM_ROW_QUALITY,ROW_QUALITY_ID,R_LAND_WELL_REL_TYPE,ROW_QUALITY
1333,R_SOURCE,SOURCE,R_LEASE_UNIT_STATUS,SOURCE
1334,R_SOURCE,SOURCE,R_LITH_CYCLE_BED,SOURCE
1335,R_PPDM_ROW_QUALITY,ROW_QUALITY_ID,R_LITH_CYCLE_BED,ROW_QUALITY
1336,R_PPDM_ROW_QUALITY,ROW_QUALITY_ID,R_LITH_INTENSITY,ROW_QUALITY
1337,R_PPDM_ROW_QUALITY,ROW_QUALITY_ID,R_LITH_PREP_CLASS,ROW_QUALITY
1338,R_PPDM_ROW_QUALITY,ROW_QUALITY_ID,R_LITH_ROCK_MATRIX,ROW_QUALITY
1339,R_SOURCE,SOURCE,R_LITH_ROCK_MATRIX,SOURCE
1340,R_SOURCE,SOURCE,R_LITH_ROCK_PROFILE,SOURCE
1341,R_SOURCE,SOURCE,R_LOCATION_TYPE,SOURCE
1342,R_SOURCE,SOURCE,R_LOG_INDEX_TYPE,SOURCE
1343,R_PPDM_ROW_QUALITY,ROW_QUALITY_ID,R_LR_FACILITY_XREF,ROW_QUALITY
1344,R_SOURCE,SOURCE,R_LR_FACILITY_XREF,SOURCE
1345,R_SOURCE,SOURCE,R_LR_TERMIN_REQMT,SOURCE
1346,R_PPDM_ROW_QUALITY,ROW_QUALITY_ID,R_LR_TERMIN_TYPE,ROW_QUALITY
1347,R_SOURCE,SOURCE,R_LR_XREF_TYPE,SOURCE
1348,R_PPDM_ROW_QUALITY,ROW_QUALITY_ID,R_MUNICIPALITY,ROW_QUALITY
1349,R_PPDM_ROW_QUALITY,ROW_QUALITY_ID,R_NAME_SET_XREF_TYPE,ROW_QUALITY
1350,R_SOURCE,SOURCE,R_NAME_SET_XREF_TYPE,SOURCE
1351,R_PPDM_ROW_QUALITY,ROW_QUALITY_ID,R_NS_DIRECTION,ROW_QUALITY
1352,R_SOURCE,SOURCE,R_OBLIG_COMP_REASON,SOURCE
1353,R_PPDM_ROW_QUALITY,ROW_QUALITY_ID,R_OBLIG_TYPE,ROW_QUALITY
1354,R_SOURCE,SOURCE,R_OBLIG_XREF_TYPE,SOURCE
1355,R_PPDM_ROW_QUALITY,ROW_QUALITY_ID,R_OFFSHORE_COMP_TYPE,ROW_QUALITY
1356,R_PPDM_ROW_QUALITY,ROW_QUALITY_ID,R_OIL_TYPE,ROW_QUALITY
1357,R_SOURCE,SOURCE,R_OPERAND_QUALIFIER,SOURCE
1358,R_PPDM_ROW_QUALITY,ROW_QUALITY_ID,R_PALEO_IND_TYPE,ROW_QUALITY
1359,R_PPDM_ROW_QUALITY,ROW_QUALITY_ID,R_PARCEL_TYPE,ROW_QUALITY
1360,R_SOURCE,SOURCE,R_PICK_LOCATION,SOURCE
1361,R_SOURCE,SOURCE,R_PICK_VERSION_TYPE,SOURCE
1362,R_PPDM_ROW_QUALITY,ROW_QUALITY_ID,R_POOL_TYPE,ROW_QUALITY
1363,R_SOURCE,SOURCE,R_POOL_TYPE,SOURCE
1364,R_PPDM_ROW_QUALITY,ROW_QUALITY_ID,R_POROSITY_TYPE,ROW_QUALITY
1365,R_PPDM_ROW_QUALITY,ROW_QUALITY_ID,R_PPDM_CREATE_METHOD,ROW_QUALITY
1366,R_PPDM_ROW_QUALITY,ROW_QUALITY_ID,R_PPDM_GROUP_TYPE,ROW_QUALITY
1367,R_PPDM_ROW_QUALITY,ROW_QUALITY_ID,R_PPDM_GROUP_XREF_TYPE,ROW_QUALITY
1368,R_PPDM_ROW_QUALITY,ROW_QUALITY_ID,R_PPDM_MAP_RULE_TYPE,ROW_QUALITY
1369,R_PPDM_ROW_QUALITY,ROW_QUALITY_ID,R_PPDM_METRIC_REF_VALUE,ROW_QUALITY
1370,R_SOURCE,SOURCE,R_PPDM_OWNER_ROLE,SOURCE
1371,R_PPDM_ROW_QUALITY,ROW_QUALITY_ID,R_PPDM_RULE_COMP_TYPE,ROW_QUALITY
1372,R_PPDM_ROW_QUALITY,ROW_QUALITY_ID,R_PPDM_RULE_DETAIL_TYPE,ROW_QUALITY
1373,R_SOURCE,SOURCE,R_PPDM_RULE_STATUS,SOURCE
1374,R_PPDM_ROW_QUALITY,ROW_QUALITY_ID,R_PPDM_SCHEMA_GROUP,ROW_QUALITY
1375,R_SOURCE,SOURCE,R_PPDM_TABLE_TYPE,SOURCE
1376,R_PPDM_ROW_QUALITY,ROW_QUALITY_ID,R_PRODUCTION_METHOD,ROW_QUALITY
1377,R_PPDM_ROW_QUALITY,ROW_QUALITY_ID,R_PROD_STR_FM_STATUS,ROW_QUALITY
1378,R_PROJECT_TYPE,PROJECT_TYPE,R_PROJECT_CONDITION,PROJECT_TYPE
1379,R_PPDM_ROW_QUALITY,ROW_QUALITY_ID,R_PROJECT_EQUIP_ROLE,ROW_QUALITY
1380,R_PPDM_ROW_QUALITY,ROW_QUALITY_ID,R_PROJECT_STATUS,ROW_QUALITY
1381,R_SOURCE,SOURCE,R_PROJECT_TYPE,SOURCE
1382,R_PPDM_ROW_QUALITY,ROW_QUALITY_ID,R_QUALIFIER_TYPE,ROW_QUALITY
1383,R_PPDM_ROW_QUALITY,ROW_QUALITY_ID,R_QUALITY,ROW_QUALITY
1384,R_SOURCE,SOURCE,R_RATIO_CURVE_TYPE,SOURCE
1385,R_PPDM_ROW_QUALITY,ROW_QUALITY_ID,R_REPEAT_STRAT_TYPE,ROW_QUALITY
1386,R_SOURCE,SOURCE,R_REP_HIER_ALIAS_TYPE,SOURCE
1387,R_PPDM_ROW_QUALITY,ROW_QUALITY_ID,R_RESENT_COMP_TYPE,ROW_QUALITY
1388,R_SOURCE,SOURCE,R_RESENT_USE_TYPE,SOURCE
1389,R_PPDM_ROW_QUALITY,ROW_QUALITY_ID,R_RESENT_VOL_METHOD,ROW_QUALITY
1390,R_PPDM_ROW_QUALITY,ROW_QUALITY_ID,R_REST_DURATION,ROW_QUALITY
1391,R_PPDM_ROW_QUALITY,ROW_QUALITY_ID,R_RIG_CATEGORY,ROW_QUALITY
1392,R_SOURCE,SOURCE,R_RIG_HOOKBLOCK_TYPE,SOURCE
1393,R_SOURCE,SOURCE,R_RIG_PUMP,SOURCE
1394,R_SOURCE,SOURCE,R_RIG_SUBSTRUCTURE,SOURCE
1395,R_SOURCE,SOURCE,R_RMII_CONTACT_TYPE,SOURCE
1396,R_SOURCE,SOURCE,R_RMII_DESC_TYPE,SOURCE
1397,R_SOURCE,SOURCE,R_RMII_GROUP_TYPE,SOURCE
1398,R_SOURCE,SOURCE,R_RMII_METADATA_CODE,SOURCE
1399,R_RMII_METADATA_TYPE,METADATA_TYPE,R_RMII_METADATA_CODE,METADATA_TYPE
1400,R_PPDM_ROW_QUALITY,ROW_QUALITY_ID,R_RM_THESAURUS_XREF,ROW_QUALITY
1401,R_PPDM_ROW_QUALITY,ROW_QUALITY_ID,R_ROAD_CONTROL_TYPE,ROW_QUALITY
1402,R_PPDM_ROW_QUALITY,ROW_QUALITY_ID,R_SAMPLE_DESC_TYPE,ROW_QUALITY
1403,R_PPDM_ROW_QUALITY,ROW_QUALITY_ID,R_SAMPLE_LOCATION,ROW_QUALITY
1404,R_SOURCE,SOURCE,R_SAMPLE_TYPE,SOURCE
1405,R_PPDM_ROW_QUALITY,ROW_QUALITY_ID,R_SCALE_TRANSFORM,ROW_QUALITY
1406,R_SOURCE,SOURCE,R_SEIS_AUTHORIZE_TYPE,SOURCE
1407,R_PPDM_ROW_QUALITY,ROW_QUALITY_ID,R_SEIS_DIMENSION,ROW_QUALITY
1408,R_SOURCE,SOURCE,R_SEIS_GROUP_TYPE,SOURCE
1409,R_PPDM_ROW_QUALITY,ROW_QUALITY_ID,R_SEIS_LIC_COND,ROW_QUALITY
1410,R_PPDM_ROW_QUALITY,ROW_QUALITY_ID,R_SEIS_LIC_VIOL_TYPE,ROW_QUALITY
1411,R_SOURCE,SOURCE,R_SEIS_PROC_STEP_NAME,SOURCE
1412,R_SOURCE,SOURCE,R_SEIS_PROC_STEP_TYPE,SOURCE
1413,R_SOURCE,SOURCE,R_SEIS_RCRD_MAKE,SOURCE
1414,R_PPDM_ROW_QUALITY,ROW_QUALITY_ID,R_SEIS_RCVR_TYPE,ROW_QUALITY
1415,R_SOURCE,SOURCE,R_SEIS_SAMPLE_TYPE,SOURCE
1416,R_SOURCE,SOURCE,R_SEIS_SPECTRUM_TYPE,SOURCE
1417,R_PPDM_ROW_QUALITY,ROW_QUALITY_ID,R_SEIS_SRC_ARRAY_TYPE,ROW_QUALITY
1418,R_PPDM_ROW_QUALITY,ROW_QUALITY_ID,R_SEIS_SRC_MAKE,ROW_QUALITY
1419,R_SOURCE,SOURCE,R_SEIS_SRC_MAKE,SOURCE
1420,R_PPDM_ROW_QUALITY,ROW_QUALITY_ID,R_SEIS_SUMMARY_TYPE,ROW_QUALITY
1421,R_PPDM_ROW_QUALITY,ROW_QUALITY_ID,R_SEIS_SWEEP_TYPE,ROW_QUALITY
1422,R_SOURCE,SOURCE,R_SEIS_TRANS_COMP_TYPE,SOURCE
1423,R_SOURCE,SOURCE,R_SF_DESC_VALUE,SOURCE
1424,R_PPDM_ROW_QUALITY,ROW_QUALITY_ID,R_SOURCE_ORIGIN,ROW_QUALITY
1425,R_SW_APPLICATION,SW_APPLICATION_ID,R_SOURCE_ORIGIN,SW_APPLICATION_ID
1426,R_PPDM_ROW_QUALITY,ROW_QUALITY_ID,R_SPATIAL_DESC_TYPE,ROW_QUALITY
1427,R_SOURCE,SOURCE,R_SPATIAL_DESC_TYPE,SOURCE
1428,R_SOURCE,SOURCE,R_STRAT_AGE_METHOD,SOURCE
1429,R_PPDM_ROW_QUALITY,ROW_QUALITY_ID,R_STRAT_COLUMN_TYPE,ROW_QUALITY
1430,R_PPDM_ROW_QUALITY,ROW_QUALITY_ID,R_STRAT_CORR_CRITERIA,ROW_QUALITY
1431,R_SOURCE,SOURCE,R_STRAT_EQUIV_TYPE,SOURCE
1432,R_SOURCE,SOURCE,R_STRAT_UNIT_DESC,SOURCE
1433,R_SOURCE,SOURCE,R_STRAT_UNIT_TYPE,SOURCE
1434,R_STRAT_TYPE,STRAT_TYPE,R_STRAT_UNIT_TYPE,STRAT_TYPE
1435,R_SOURCE,SOURCE,R_STREAMER_POSITION,SOURCE
1436,R_SOURCE,SOURCE,R_SUBSTANCE_COMP_TYPE,SOURCE
1437,PPDM_MEASUREMENT_SYSTEM,UOM_SYSTEM_ID,R_SW_APPLICATION,PREFERRED_UOM_SYSTEM_ID
1438,R_PPDM_ROW_QUALITY,ROW_QUALITY_ID,R_TAX_CREDIT_CODE,ROW_QUALITY
1439,R_SOURCE,SOURCE,R_TAX_CREDIT_CODE,SOURCE
1440,R_SOURCE,SOURCE,R_TRANS_TYPE,SOURCE
1441,R_PPDM_ROW_QUALITY,ROW_QUALITY_ID,R_TREATMENT_TYPE,ROW_QUALITY
1442,R_SOURCE,SOURCE,R_TUBING_TYPE,SOURCE
1443,R_SOURCE,SOURCE,R_TVD_METHOD,SOURCE
1444,R_SOURCE,SOURCE,R_VELOCITY_DIMENSION,SOURCE
1445,R_PPDM_ROW_QUALITY,ROW_QUALITY_ID,R_WASTE_HANDLING,ROW_QUALITY
1446,R_SOURCE,SOURCE,R_WATER_TYPE,SOURCE
1447,R_SOURCE,SOURCE,R_WELL_ACTIVITY_CAUSE,SOURCE
1448,R_PPDM_ROW_QUALITY,ROW_QUALITY_ID,R_WELL_ACTIVITY_COMP_TYPE,ROW_QUALITY
1449,R_SOURCE,SOURCE,R_WELL_ACTIVITY_COMP_TYPE,SOURCE
1450,R_SOURCE,SOURCE,R_WELL_CIRC_PRESS_TYPE,SOURCE
1451,R_SOURCE,SOURCE,R_WELL_FACILITY_USE_TYPE,SOURCE
1452,R_SOURCE,SOURCE,R_WELL_LIC_VIOL_TYPE,SOURCE
1453,R_SOURCE,SOURCE,R_WELL_LOG_CLASS,SOURCE
1454,R_PPDM_ROW_QUALITY,ROW_QUALITY_ID,R_WELL_REF_VALUE_TYPE,ROW_QUALITY
1455,R_SOURCE,SOURCE,R_WELL_RELATIONSHIP,SOURCE
1456,R_PPDM_ROW_QUALITY,ROW_QUALITY_ID,R_WELL_SERVICE_METRIC,ROW_QUALITY
1457,R_SOURCE,SOURCE,R_WELL_SERVICE_METRIC,SOURCE
1458,PPDM_PROPERTY_SET,PROPERTY_SET_ID,R_WELL_SERVICE_METRIC,PROPERTY_SET_ID
1459,R_SOURCE,SOURCE,R_WELL_TEST_TYPE,SOURCE
1460,R_SOURCE,SOURCE,R_WORK_BID_TYPE,SOURCE
1461,R_SOURCE,SOURCE,R_WO_XREF_TYPE,SOURCE
1462,R_PPDM_ROW_QUALITY,ROW_QUALITY_ID,R_ADDITIVE_TYPE,ROW_QUALITY
1463,R_SOURCE,SOURCE,R_AIR_GAS_CODE,SOURCE
1464,R_SOURCE,SOURCE,R_ALLOCATION_TYPE,SOURCE
1465,R_PPDM_ROW_QUALITY,ROW_QUALITY_ID,R_ALLOWABLE_EXPENSE,ROW_QUALITY
1466,R_SOURCE,SOURCE,R_ANAL_PROPERTY_CODE,SOURCE
1467,R_PPDM_ROW_QUALITY,ROW_QUALITY_ID,R_APPLIC_TYPE,ROW_QUALITY
1468,R_SOURCE,SOURCE,R_AREA_COMPONENT_TYPE,SOURCE
1469,R_PPDM_ROW_QUALITY,ROW_QUALITY_ID,R_AREA_COMPONENT_TYPE,ROW_QUALITY
1470,R_SOURCE,SOURCE,R_AREA_CONTAIN_TYPE,SOURCE
1471,R_SOURCE,SOURCE,R_AREA_DESC_TYPE,SOURCE
1472,R_PPDM_ROW_QUALITY,ROW_QUALITY_ID,R_AREA_DESC_TYPE,ROW_QUALITY
1473,R_PPDM_ROW_QUALITY,ROW_QUALITY_ID,R_BA_AUTHORITY_COMP_TYPE,ROW_QUALITY
1474,R_PPDM_ROW_QUALITY,ROW_QUALITY_ID,R_BA_CREW_TYPE,ROW_QUALITY
1475,R_SOURCE,SOURCE,R_BA_DESC_CODE,SOURCE
1476,R_PPDM_ROW_QUALITY,ROW_QUALITY_ID,R_BA_LIC_DUE_CONDITION,ROW_QUALITY
1477,R_SOURCE,SOURCE,R_BA_ORGANIZATION_COMP_TYPE,SOURCE
1478,R_PPDM_ROW_QUALITY,ROW_QUALITY_ID,R_BA_ORGANIZATION_TYPE,ROW_QUALITY
1479,R_PPDM_ROW_QUALITY,ROW_QUALITY_ID,R_BA_PREF_TYPE,ROW_QUALITY
1480,R_PPDM_ROW_QUALITY,ROW_QUALITY_ID,R_BA_SERVICE_TYPE,ROW_QUALITY
1481,R_PPDM_ROW_QUALITY,ROW_QUALITY_ID,R_BA_XREF_TYPE,ROW_QUALITY
1482,R_PPDM_ROW_QUALITY,ROW_QUALITY_ID,R_BIT_CUT_STRUCT_INNER,ROW_QUALITY
1483,R_SOURCE,SOURCE,R_BLOWOUT_FLUID,SOURCE
1484,R_PPDM_ROW_QUALITY,ROW_QUALITY_ID,R_BUILDUP_RADIUS_TYPE,ROW_QUALITY
1485,R_SOURCE,SOURCE,R_CAT_ADDITIVE_XREF,SOURCE
1486,R_PPDM_ROW_QUALITY,ROW_QUALITY_ID,R_CHECKSHOT_SRVY_TYPE,ROW_QUALITY
1487,R_SOURCE,SOURCE,R_COLOR,SOURCE
1488,R_PPDM_ROW_QUALITY,ROW_QUALITY_ID,R_COMPLETION_METHOD,ROW_QUALITY
1489,R_SOURCE,SOURCE,R_COMPLETION_STATUS,SOURCE
1490,R_PPDM_ROW_QUALITY,ROW_QUALITY_ID,R_CONSENT_BA_ROLE,ROW_QUALITY
1491,R_SOURCE,SOURCE,R_CONSENT_BA_ROLE,SOURCE
1492,R_SOURCE,SOURCE,R_CONSENT_CONDITION,SOURCE
1493,R_SOURCE,SOURCE,R_CONSENT_REMARK,SOURCE
1494,R_PPDM_ROW_QUALITY,ROW_QUALITY_ID,R_CONSENT_STATUS,ROW_QUALITY
1495,R_PPDM_ROW_QUALITY,ROW_QUALITY_ID,R_CONSULT_COMP_TYPE,ROW_QUALITY
1496,R_PPDM_ROW_QUALITY,ROW_QUALITY_ID,R_CONSULT_ISSUE_TYPE,ROW_QUALITY
1497,R_SOURCE,SOURCE,R_CONSULT_RESOLUTION,SOURCE
1498,R_PPDM_ROW_QUALITY,ROW_QUALITY_ID,R_CONSULT_ROLE,ROW_QUALITY
1499,R_SOURCE,SOURCE,R_CONSULT_ROLE,SOURCE
1500,R_SOURCE,SOURCE,R_CONSULT_XREF_TYPE,SOURCE
1501,R_SOURCE,SOURCE,R_CONT_BA_ROLE,SOURCE
1502,R_SOURCE,SOURCE,R_COORD_CAPTURE,SOURCE
1503,R_SOURCE,SOURCE,R_COORD_QUALITY,SOURCE
1504,R_SOURCE,SOURCE,R_CORE_HANDLING,SOURCE
1505,R_PPDM_ROW_QUALITY,ROW_QUALITY_ID,R_CORE_RECOVERY_TYPE,ROW_QUALITY
1506,R_SOURCE,SOURCE,R_CORE_SHIFT_METHOD,SOURCE
1507,R_PPDM_ROW_QUALITY,ROW_QUALITY_ID,R_CORE_TYPE,ROW_QUALITY
1508,R_PPDM_ROW_QUALITY,ROW_QUALITY_ID,R_COUPLING_TYPE,ROW_QUALITY
1509,R_SOURCE,SOURCE,R_CURVE_SCALE,SOURCE
1510,R_SOURCE,SOURCE,R_CUTTING_FLUID,SOURCE
1511,R_PPDM_ROW_QUALITY,ROW_QUALITY_ID,R_DECLINE_COND_TYPE,ROW_QUALITY
1512,R_PPDM_ROW_QUALITY,ROW_QUALITY_ID,R_DECLINE_CURVE_TYPE,ROW_QUALITY
1513,R_PPDM_ROW_QUALITY,ROW_QUALITY_ID,R_DECLINE_TYPE,ROW_QUALITY
1514,R_SOURCE,SOURCE,R_DECRYPT_TYPE,SOURCE
1515,R_PPDM_ROW_QUALITY,ROW_QUALITY_ID,R_DIGITAL_OUTPUT,ROW_QUALITY
1516,R_SOURCE,SOURCE,R_DIR_SRVY_POINT_TYPE,SOURCE
1517,R_SOURCE,SOURCE,R_DIR_SRVY_RECORD,SOURCE
1518,R_SOURCE,SOURCE,R_DRILL_BIT_DETAIL_CODE,SOURCE
1519,R_SOURCE,SOURCE,R_ECONOMIC_SCENARIO,SOURCE
1520,R_PPDM_ROW_QUALITY,ROW_QUALITY_ID,R_ECOZONE_HIER_LEVEL,ROW_QUALITY
1521,R_SOURCE,SOURCE,R_ENT_SEC_GROUP_XREF,SOURCE
1522,R_PPDM_ROW_QUALITY,ROW_QUALITY_ID,R_ENT_TYPE,ROW_QUALITY
1523,R_SOURCE,SOURCE,R_ENVIRONMENT,SOURCE
1524,R_SOURCE,SOURCE,R_EQUIP_MAINT_LOC,SOURCE
1525,PPDM_PROPERTY_SET,PROPERTY_SET_ID,R_EQUIP_SPEC_REF_TYPE,PROPERTY_SET_ID
1526,R_PPDM_ROW_QUALITY,ROW_QUALITY_ID,R_EQUIP_STATUS_TYPE,ROW_QUALITY
1527,R_SOURCE,SOURCE,R_EQUIP_SYSTEM_CONDITION,SOURCE
1528,R_FACILITY_SPEC_TYPE,SPEC_TYPE,R_FACILITY_SPEC_CODE,SPEC_TYPE
1529,PPDM_PROPERTY_SET,PROPERTY_SET_ID,R_FACILITY_SPEC_TYPE,PROPERTY_SET_ID
1530,R_PPDM_ROW_QUALITY,ROW_QUALITY_ID,R_FACILITY_TYPE,ROW_QUALITY
1531,R_SOURCE,SOURCE,R_FAC_MAINT_STATUS,SOURCE
1532,R_PPDM_ROW_QUALITY,ROW_QUALITY_ID,R_FAC_PIPE_MATERIAL,ROW_QUALITY
1533,R_SOURCE,SOURCE,R_FAC_SPEC_REFERENCE,SOURCE
1534,R_PPDM_ROW_QUALITY,ROW_QUALITY_ID,R_FIN_XREF_TYPE,ROW_QUALITY
1535,R_PPDM_ROW_QUALITY,ROW_QUALITY_ID,R_FONT,ROW_QUALITY
1536,R_PPDM_ROW_QUALITY,ROW_QUALITY_ID,R_FOS_ALIAS_TYPE,ROW_QUALITY
1537,R_SOURCE,SOURCE,R_FOS_ASSEMBLAGE_TYPE,SOURCE
1538,R_PPDM_ROW_QUALITY,ROW_QUALITY_ID,R_FOS_DESC_CODE,ROW_QUALITY
1539,PPDM_PROPERTY_SET,PROPERTY_SET_ID,R_FOS_DESC_TYPE,PROPERTY_SET_ID
1540,R_PPDM_ROW_QUALITY,ROW_QUALITY_ID,R_FOS_LIFE_HABIT,ROW_QUALITY
1541,R_SOURCE,SOURCE,R_FOS_OBS_TYPE,SOURCE
1542,R_PPDM_ROW_QUALITY,ROW_QUALITY_ID,R_FOS_TAXON_GROUP,ROW_QUALITY
1543,R_SOURCE,SOURCE,R_GEOMETRY_TYPE,SOURCE
1544,R_SOURCE,SOURCE,R_HORIZ_DRILL_REASON,SOURCE
1545,R_PPDM_ROW_QUALITY,ROW_QUALITY_ID,R_HORIZ_DRILL_TYPE,ROW_QUALITY
1546,R_SOURCE,SOURCE,R_HSE_RESPONSE_TYPE,SOURCE
1547,R_SOURCE,SOURCE,R_IMAGE_SECTION_TYPE,SOURCE
1548,R_SOURCE,SOURCE,R_INSTRUMENT_TYPE,SOURCE
1549,R_PPDM_ROW_QUALITY,ROW_QUALITY_ID,R_INT_SET_STATUS,ROW_QUALITY
1550,R_INT_SET_STATUS_TYPE,STATUS_TYPE,R_INT_SET_STATUS,STATUS_TYPE
1551,R_PPDM_ROW_QUALITY,ROW_QUALITY_ID,R_ITEM_CATEGORY,ROW_QUALITY
1552,R_SOURCE,SOURCE,R_LAND_ACQTN_METHOD,SOURCE
1553,R_SOURCE,SOURCE,R_LAND_LESSOR_TYPE,SOURCE
1554,R_PPDM_ROW_QUALITY,ROW_QUALITY_ID,R_LAND_TITLE_TYPE,ROW_QUALITY
1555,R_SOURCE,SOURCE,R_LEASE_UNIT_TYPE,SOURCE
1556,R_SOURCE,SOURCE,R_LICENSE_STATUS,SOURCE
1557,R_LIC_STATUS_TYPE,LICENSE_STATUS_TYPE,R_LICENSE_STATUS,LICENSE_STATUS_TYPE
1558,R_PPDM_ROW_QUALITY,ROW_QUALITY_ID,R_LINER_TYPE,ROW_QUALITY
1559,R_SOURCE,SOURCE,R_LITHOLOGY,SOURCE
1560,R_SOURCE,SOURCE,R_LITH_ABUNDANCE,SOURCE
1561,R_SOURCE,SOURCE,R_LITH_CONSOLIDATION,SOURCE
1562,R_SOURCE,SOURCE,R_LITH_LOG_TYPE,SOURCE
1563,R_SOURCE,SOURCE,R_LITH_ROUNDING,SOURCE
1564,R_PPDM_ROW_QUALITY,ROW_QUALITY_ID,R_LOCATION_DESC_TYPE,ROW_QUALITY
1565,R_PPDM_ROW_QUALITY,ROW_QUALITY_ID,R_LOG_ARRAY_DIMENSION,ROW_QUALITY
1566,R_SOURCE,SOURCE,R_LOG_GOOD_VALUE_TYPE,SOURCE
1567,R_PPDM_ROW_QUALITY,ROW_QUALITY_ID,R_LOG_INDEX_TYPE,ROW_QUALITY
1568,R_SOURCE,SOURCE,R_LOG_POSITION_TYPE,SOURCE
1569,R_SOURCE,SOURCE,R_MAINT_PROCESS,SOURCE
1570,R_PPDM_ROW_QUALITY,ROW_QUALITY_ID,R_MEASUREMENT_TYPE,ROW_QUALITY
1571,R_PPDM_ROW_QUALITY,ROW_QUALITY_ID,R_MEASURE_TECHNIQUE,ROW_QUALITY
1572,R_SOURCE,SOURCE,R_MEDIA_TYPE,SOURCE
1573,PPDM_PROPERTY_SET,PROPERTY_SET_ID,R_MISC_DATA_TYPE,PROPERTY_SET_ID
1574,R_SOURCE,SOURCE,R_MUD_LOG_COLOR,SOURCE
1575,R_SOURCE,SOURCE,R_MUD_PROPERTY_REF,SOURCE
1576,PPDM_PROPERTY_SET,PROPERTY_SET_ID,R_MUD_PROPERTY_TYPE,PROPERTY_SET_ID
1577,R_SOURCE,SOURCE,R_OBLIG_TRIGGER,SOURCE
1578,R_PPDM_ROW_QUALITY,ROW_QUALITY_ID,R_OBLIG_XREF_TYPE,ROW_QUALITY
1579,R_PPDM_ROW_QUALITY,ROW_QUALITY_ID,R_OFFSHORE_AREA_CODE,ROW_QUALITY
1580,R_SOURCE,SOURCE,R_PAYMENT_TYPE,SOURCE
1581,R_SOURCE,SOURCE,R_PAY_METHOD,SOURCE
1582,R_SOURCE,SOURCE,R_PDEN_COMPONENT_TYPE,SOURCE
1583,R_SOURCE,SOURCE,R_PHYSICAL_PROCESS,SOURCE
1584,R_PPDM_ROW_QUALITY,ROW_QUALITY_ID,R_PICK_VERSION_TYPE,ROW_QUALITY
1585,R_PPDM_ROW_QUALITY,ROW_QUALITY_ID,R_PPDM_AUDIT_REASON,ROW_QUALITY
1586,R_SOURCE,SOURCE,R_PPDM_CREATE_METHOD,SOURCE
1587,R_SOURCE,SOURCE,R_PPDM_DATA_TYPE,SOURCE
1588,R_SOURCE,SOURCE,R_PPDM_GROUP_TYPE,SOURCE
1589,R_PPDM_ROW_QUALITY,ROW_QUALITY_ID,R_PPDM_INDEX_CATEGORY,ROW_QUALITY
1590,R_PPDM_ROW_QUALITY,ROW_QUALITY_ID,R_PPDM_REF_VALUE_TYPE,ROW_QUALITY
1591,R_SOURCE,SOURCE,R_PPDM_ROW_QUALITY,SOURCE
1592,R_SOURCE,SOURCE,R_PPDM_RULE_COMP_TYPE,SOURCE
1593,R_SOURCE,SOURCE,R_PPDM_RULE_DETAIL_TYPE,SOURCE
1594,R_PPDM_ROW_QUALITY,ROW_QUALITY_ID,R_PPDM_RULE_STATUS,ROW_QUALITY
1595,R_PPDM_ROW_QUALITY,ROW_QUALITY_ID,R_PPDM_RULE_USE_COND,ROW_QUALITY
1596,R_SOURCE,SOURCE,R_PPDM_RULE_XREF_TYPE,SOURCE
1597,R_PPDM_ROW_QUALITY,ROW_QUALITY_ID,R_PPDM_SYSTEM_TYPE,ROW_QUALITY
1598,R_SOURCE,SOURCE,R_PPDM_SYSTEM_TYPE,SOURCE
1599,R_PROD_STRING_STAT_TYPE,STATUS_TYPE,R_PROD_STRING_STATUS,STATUS_TYPE
1600,R_SOURCE,SOURCE,R_PROD_STR_FM_STATUS,SOURCE
1601,R_SOURCE,SOURCE,R_PROJECT_CONDITION,SOURCE
1602,R_PROJECT_STATUS_TYPE,STATUS_TYPE,R_PROJECT_STATUS,STATUS_TYPE
1603,R_SOURCE,SOURCE,R_QUALIFIER_TYPE,SOURCE
1604,R_PPDM_ROW_QUALITY,ROW_QUALITY_ID,R_RATE_SCHEDULE,ROW_QUALITY
1605,R_SOURCE,SOURCE,R_RATE_SCHEDULE_COMP_TYPE,SOURCE
1606,R_PPDM_ROW_QUALITY,ROW_QUALITY_ID,R_REPORT_HIER_TYPE,ROW_QUALITY
1607,R_PPDM_ROW_QUALITY,ROW_QUALITY_ID,R_RESENT_CONFIDENCE,ROW_QUALITY
1608,R_SOURCE,SOURCE,R_RESENT_GROUP_TYPE,SOURCE
1609,R_PPDM_ROW_QUALITY,ROW_QUALITY_ID,R_REST_REMARK,ROW_QUALITY
1610,R_SOURCE,SOURCE,R_RIG_BLOWOUT_PREVENTER,SOURCE
1611,R_PPDM_ROW_QUALITY,ROW_QUALITY_ID,R_RIG_CODE,ROW_QUALITY
1612,R_SOURCE,SOURCE,R_RIG_DESANDER_TYPE,SOURCE
1613,R_PPDM_ROW_QUALITY,ROW_QUALITY_ID,R_RIG_DRAWWORKS,ROW_QUALITY
1614,R_SOURCE,SOURCE,R_RIG_DRAWWORKS,SOURCE
1615,R_PPDM_ROW_QUALITY,ROW_QUALITY_ID,R_RIG_GENERATOR_TYPE,ROW_QUALITY
1616,R_PPDM_ROW_QUALITY,ROW_QUALITY_ID,R_RIG_OVERHEAD_CAPACITY,ROW_QUALITY
1617,R_SOURCE,SOURCE,R_RIG_OVERHEAD_TYPE,SOURCE
1618,R_PPDM_ROW_QUALITY,ROW_QUALITY_ID,R_RIG_TYPE,ROW_QUALITY
1619,PPDM_PROPERTY_SET,PROPERTY_SET_ID,R_RMII_DESC_TYPE,PROPERTY_SET_ID
1620,R_PPDM_ROW_QUALITY,ROW_QUALITY_ID,R_RMII_GROUP_TYPE,ROW_QUALITY
1621,R_SOURCE,SOURCE,R_RMII_METADATA_TYPE,SOURCE
1622,R_SOURCE,SOURCE,R_RM_THESAURUS_XREF,SOURCE
1623,R_SOURCE,SOURCE,R_ROAD_TRAFFIC_FLOW_TYPE,SOURCE
1624,R_PPDM_ROW_QUALITY,ROW_QUALITY_ID,R_ROLL_ALONG_METHOD,ROW_QUALITY
1625,R_SOURCE,SOURCE,R_SALINITY_TYPE,SOURCE
1626,R_SOURCE,SOURCE,R_SAMPLE_LOCATION,SOURCE
1627,R_SOURCE,SOURCE,R_SAMPLE_SHAPE,SOURCE
1628,R_PPDM_ROW_QUALITY,ROW_QUALITY_ID,R_SCREEN_LOCATION,ROW_QUALITY
1629,R_PPDM_ROW_QUALITY,ROW_QUALITY_ID,R_SEIS_BIN_OUTLINE_TYPE,ROW_QUALITY
1630,R_SOURCE,SOURCE,R_SEIS_FLOW_DESC_TYPE,SOURCE
1631,R_PPDM_ROW_QUALITY,ROW_QUALITY_ID,R_SEIS_LIC_VIOL_RESOL,ROW_QUALITY
1632,R_SOURCE,SOURCE,R_SEIS_LIC_VIOL_RESOL,SOURCE
1633,R_SOURCE,SOURCE,R_SEIS_LIC_VIOL_TYPE,SOURCE
1634,R_SOURCE,SOURCE,R_SEIS_PARM_ORIGIN,SOURCE
1635,R_SOURCE,SOURCE,R_SEIS_PATCH_TYPE,SOURCE
1636,R_PPDM_ROW_QUALITY,ROW_QUALITY_ID,R_SEIS_PROC_PARM,ROW_QUALITY
1637,R_PPDM_ROW_QUALITY,ROW_QUALITY_ID,R_SEIS_PROC_SET_TYPE,ROW_QUALITY
1638,R_PPDM_ROW_QUALITY,ROW_QUALITY_ID,R_SEIS_PROC_STATUS,ROW_QUALITY
1639,R_PPDM_ROW_QUALITY,ROW_QUALITY_ID,R_SEIS_RECORD_TYPE,ROW_QUALITY
1640,R_SOURCE,SOURCE,R_SEIS_SEGMENT_REASON,SOURCE
1641,R_PPDM_ROW_QUALITY,ROW_QUALITY_ID,R_SEIS_SPECTRUM_TYPE,ROW_QUALITY
1642,PPDM_UNIT_OF_MEASURE,UOM_ID,R_SEIS_SRC_MAKE,VIB_PEAK_FORCE_OUOM
1643,R_PPDM_ROW_QUALITY,ROW_QUALITY_ID,R_SEIS_STATUS_TYPE,ROW_QUALITY
1644,R_SOURCE,SOURCE,R_SEIS_STATUS_TYPE,SOURCE
1645,R_SOURCE,SOURCE,R_SEIS_SUMMARY_TYPE,SOURCE
1646,R_PPDM_ROW_QUALITY,ROW_QUALITY_ID,R_SF_BRIDGE_TYPE,ROW_QUALITY
1647,R_SOURCE,SOURCE,R_SF_ELECTRIC_TYPE,SOURCE
1648,R_SOURCE,SOURCE,R_SF_STATUS_TYPE,SOURCE
1649,R_SOURCE,SOURCE,R_SF_SURFACE_TYPE,SOURCE
1650,R_SOURCE,SOURCE,R_SF_VESSEL_ROLE,SOURCE
1651,R_PPDM_ROW_QUALITY,ROW_QUALITY_ID,R_SHOW_TYPE,ROW_QUALITY
1652,R_SOURCE,SOURCE,R_SOURCE,ROW_SOURCE
1653,R_SOURCE,SOURCE,R_SOURCE_ORIGIN,SOURCE
1654,R_SOURCE,SOURCE,R_SPACING_UNIT_TYPE,SOURCE
1655,R_SOURCE,SOURCE,R_SPATIAL_XREF_TYPE,SOURCE
1656,R_SOURCE,SOURCE,R_SP_POINT_VERSION_TYPE,SOURCE
1657,R_SOURCE,SOURCE,R_SP_ZONE_DEFIN__XREF,SOURCE
1658,R_PPDM_ROW_QUALITY,ROW_QUALITY_ID,R_SP_ZONE_DERIV,ROW_QUALITY
1659,R_PPDM_ROW_QUALITY,ROW_QUALITY_ID,R_SP_ZONE_TYPE,ROW_QUALITY
1660,R_PPDM_ROW_QUALITY,ROW_QUALITY_ID,R_STRAT_ACQTN_METHOD,ROW_QUALITY
1661,R_SOURCE,SOURCE,R_STRAT_CORR_TYPE,SOURCE
1662,R_SOURCE,SOURCE,R_STRAT_EQUIV_DIRECT,SOURCE
1663,R_PPDM_ROW_QUALITY,ROW_QUALITY_ID,R_STRAT_FLD_NODE_LOC,ROW_QUALITY
1664,R_SOURCE,SOURCE,R_STRAT_FLD_NODE_LOC,SOURCE
1665,R_PPDM_ROW_QUALITY,ROW_QUALITY_ID,R_SW_APPLICATION,ROW_QUALITY
1666,R_SOURCE,SOURCE,R_TEST_EQUIPMENT,SOURCE
1667,R_PPDM_ROW_QUALITY,ROW_QUALITY_ID,R_TEST_RECOV_METHOD,ROW_QUALITY
1668,R_PPDM_ROW_QUALITY,ROW_QUALITY_ID,R_TEST_SUBTYPE,ROW_QUALITY
1669,R_PPDM_ROW_QUALITY,ROW_QUALITY_ID,R_TOUR_OCCURRENCE_TYPE,ROW_QUALITY
1670,R_SOURCE,SOURCE,R_TOUR_OCCURRENCE_TYPE,SOURCE
1671,R_SOURCE,SOURCE,R_TRACE_HEADER_FORMAT,SOURCE
1672,R_SOURCE,SOURCE,R_TRANS_COMP_TYPE,SOURCE
1673,R_PPDM_ROW_QUALITY,ROW_QUALITY_ID,R_TRANS_TYPE,ROW_QUALITY
1674,R_SOURCE,SOURCE,R_VELOCITY_TYPE,SOURCE
1675,R_SOURCE,SOURCE,R_VERTICAL_DATUM_TYPE,SOURCE
1676,R_SOURCE,SOURCE,R_VOLUME_METHOD,SOURCE
1677,R_PPDM_ROW_QUALITY,ROW_QUALITY_ID,R_WASTE_ADJUST_REASON,ROW_QUALITY
1678,R_PPDM_ROW_QUALITY,ROW_QUALITY_ID,R_WASTE_HAZARD_TYPE,ROW_QUALITY
1679,R_PPDM_ROW_QUALITY,ROW_QUALITY_ID,R_WASTE_ORIGIN,ROW_QUALITY
1680,R_PPDM_ROW_QUALITY,ROW_QUALITY_ID,R_WATER_DATUM,ROW_QUALITY
1681,R_SOURCE,SOURCE,R_WELL_CLASS,SOURCE
1682,R_SOURCE,SOURCE,R_WELL_COMPONENT_TYPE,SOURCE
1683,R_PPDM_ROW_QUALITY,ROW_QUALITY_ID,R_WELL_LOG_CLASS,ROW_QUALITY
1684,R_SOURCE,SOURCE,R_WELL_NODE_PICK_METHOD,SOURCE
1685,R_PPDM_ROW_QUALITY,ROW_QUALITY_ID,R_WELL_STATUS_TYPE,ROW_QUALITY
1686,PPDM_PROPERTY_SET,PROPERTY_SET_ID,R_WELL_ZONE_INT_VALUE,PROPERTY_SET_ID
1687,R_PPDM_ROW_QUALITY,ROW_QUALITY_ID,R_WORK_BID_TYPE,ROW_QUALITY
1688,R_PPDM_ROW_QUALITY,ROW_QUALITY_ID,R_WO_COMPONENT_TYPE,ROW_QUALITY
